bb.sp,plant.sp,preference,sqrt.preference,bin.preference
bss,Acinos alpinus,1.3671109837932278,1.1692352132027275,1
hort,Acinos alpinus,0.9829223851592882,0.991424422313314,1
jone,Acinos alpinus,1.663144183160763,1.2896294751442225,1
lapi,Acinos alpinus,1.6785688818189106,1.2955959562374801,1
mend,Acinos alpinus,5.804903567507851,2.40933674846582,1
mont,Acinos alpinus,0.5999392276174089,0.7745574398438174,1
pasc,Acinos alpinus,2.40613929034135,1.5511735203842767,1
prat,Acinos alpinus,0.8143662092218015,0.9024224117461852,1
psit,Acinos alpinus,0.525085624108667,0.7246279211489625,1
pyre,Acinos alpinus,3.0335359102019774,1.7417048860820186,1
soro,Acinos alpinus,0.28268300573940797,0.5316794200826358,1
wurf,Acinos alpinus,1.1738170368645606,1.0834283718200113,1
gers,Aconitum napellus,11.671210056276403,3.416315274718714,1
wurf,Aconitum napellus,0.33921314511493317,0.5824200761606121,1
bss,Aconitum vulparia,0.1741798335602003,0.4173485756058122,1
gers,Aconitum vulparia,10.216864636698531,3.1963830553765815,1
bss,Adenostyles alliariae,0.2185065150173106,0.46744680447866,1
jone,Adenostyles alliariae,0.5600632072794824,0.7483737083031996,1
psit,Adenostyles alliariae,2.115715676360365,1.4545499910145285,1
bss,Ajuga reptans,0.41154382809697987,0.6415168182495139,1
hort,Ajuga reptans,6.42418031699956,2.534596677382727,1
hypn,Ajuga reptans,8.00136138578721,2.8286677757890213,1
jone,Ajuga reptans,10.151324442747258,3.186114317275395,1
pasc,Ajuga reptans,10.960623722906298,3.310683271306136,1
prat,Ajuga reptans,1.9312978095287572,1.3897114123186718,1
psit,Ajuga reptans,3.091916981267205,1.7583847648530184,1
soro,Ajuga reptans,0.7439761008304325,0.862540492284526,1
wurf,Ajuga reptans,3.0352895411584546,1.7422082370251997,1
bss,Androsace chamaejasme,0.13962338532104895,0.37366212722330977,1
mont,Androsace chamaejasme,0.40808408874400093,0.6388145965332985,1
bss,Anemone nemorosa,0.17876081328662252,0.42280115099964255,1
wurf,Anemone nemorosa,0.07740397993770813,0.27821570756826103,1
pasc,Antennaria dioica,1.125268242804632,1.060786615113818,1
bss,Anthericum ramosum,0.895444910855939,0.9462795098996591,1
soro,Anthericum ramosum,0.45467627614202494,0.6742968753761395,1
bss,Anthyllis vulneraria,0.5059806849610993,0.7113231930431477,1
hort,Anthyllis vulneraria,3.486657625989396,1.867259389048398,1
hypn,Anthyllis vulneraria,2.206003587709494,1.4852621276089597,1
mend,Anthyllis vulneraria,2.414796098823197,1.5539614212789188,1
mont,Anthyllis vulneraria,0.20602604994826826,0.45390092525601694,1
muci,Anthyllis vulneraria,8.470581548521858,2.910426351674589,1
pasc,Anthyllis vulneraria,1.1200806625981083,1.0583386332351798,1
soro,Anthyllis vulneraria,0.13427582772090293,0.3664366626320338,1
wurf,Anthyllis vulneraria,3.0070480119276874,1.7340841997803011,1
bss,Aposeris foetida,0.10303601048207611,0.3209922280711421,1
humi,Aposeris foetida,56.69272274036908,7.5294570016946825,1
mont,Aposeris foetida,1.0177644590187154,1.0088431290437159,1
prat,Aposeris foetida,0.2005989962843199,0.44788279302103123,1
psit,Aposeris foetida,2.6085494060288283,1.6151004321802493,1
soro,Aposeris foetida,0.22967243146463123,0.4792415168415934,1
wurf,Aposeris foetida,0.07477909451248067,0.27345766493642243,1
bss,Bartsia alpina,0.14340691828024374,0.37869105915012535,1
hort,Bartsia alpina,2.5415968312668595,1.5942386368630197,1
mend,Bartsia alpina,6.65050332761239,2.5788569808371284,1
mont,Bartsia alpina,1.2598703007261476,1.122439441897044,1
pasc,Bartsia alpina,1.89230539644648,1.3756109175368156,1
prat,Bartsia alpina,1.9901484183782958,1.4107262024851936,1
pyre,Bartsia alpina,6.155108290599321,2.480949070537185,1
soro,Bartsia alpina,0.9645408629491162,0.9821104128096373,1
wurf,Bartsia alpina,0.23319018374951922,0.4828976949101323,1
bss,Biscutella laevigata,0.06740938312995429,0.2596331703191144,1
pasc,Biscutella laevigata,0.08795686091473945,0.2965752196572388,1
wurf,Biscutella laevigata,0.13397050522868764,0.3660198153497808,1
bss,Buphthalmum salicifolium,0.08845059380466412,0.29740644546590467,1
mont,Campanula alpina,2.0842851055460523,1.4437053388922727,1
pyre,Campanula alpina,12.73172812095826,3.568154722115937,1
soro,Campanula alpina,1.9616786187894153,1.4005993784053365,1
pyre,Campanula cochleariifolia,1.7357094006528833,1.3174632445168568,1
soro,Campanula cochleariifolia,0.9413027716613757,0.9702075920448034,1
bss,Campanula scheuchzeri,0.12910979815475118,0.3593185190812619,1
mend,Campanula scheuchzeri,0.3603145950736876,0.6002621053120775,1
muci,Campanula scheuchzeri,0.6421294979661555,0.8013298309473793,1
prat,Campanula scheuchzeri,0.20972143308646887,0.45795352721260796,1
psit,Campanula scheuchzeri,0.16136487907532013,0.4017024758142774,1
pyre,Campanula scheuchzeri,5.173411333563671,2.274513427870601,1
soro,Campanula scheuchzeri,3.11866453783392,1.765974104519633,1
wurf,Campanula scheuchzeri,0.3347997051136862,0.5786187908404687,1
bss,Cardamine enneaphyllos,0.5432734144014852,0.7370708340461487,1
hort,Cardamine enneaphyllos,1.648263944250315,1.2838473212381272,1
pasc,Cardamine enneaphyllos,4.99064773145807,2.2339757678762027,1
prat,Cardamine enneaphyllos,1.9845681496914862,1.4087470140843197,1
psit,Cardamine enneaphyllos,2.561730273399005,1.600540619103122,1
soro,Cardamine enneaphyllos,1.1263112809617322,1.0612781355336274,1
wurf,Cardamine enneaphyllos,0.28276306148471353,0.5317547004820112,1
bss,Carduus defloratus,1.1873776685179567,1.0896686049060773,1
hort,Carduus defloratus,0.11924578961501339,0.3453198366949304,1
hypn,Carduus defloratus,2.7532074881647284,1.6592792074165,1
jone,Carduus defloratus,2.609060319893721,1.6152585922674179,1
lapi,Carduus defloratus,2.59974080666595,1.6123711752155427,1
mont,Carduus defloratus,0.5586750279898036,0.7474456689216974,1
muci,Carduus defloratus,8.129704050060901,2.8512635883167485,1
pasc,Carduus defloratus,2.1178792363488155,1.455293522403235,1
prat,Carduus defloratus,3.6651652783827746,1.9144621381429237,1
psit,Carduus defloratus,13.56765668160433,3.6834300158418007,1
pyre,Carduus defloratus,1.79151243553868,1.3384739203804756,1
soro,Carduus defloratus,8.207655420463489,2.86490059521504,1
wurf,Carduus defloratus,0.40078998687530615,0.6330797634384676,1
bss,Centaurea jacea,2.145685327150916,1.4648157997341904,1
hort,Centaurea jacea,0.8632237741378265,0.9290983662335364,1
hypn,Centaurea jacea,2.724222981687681,1.6505220330815584,1
lapi,Centaurea jacea,4.114648503195908,2.0284596380494997,1
pasc,Centaurea jacea,2.3292035081182085,1.526172830356447,1
prat,Centaurea jacea,0.7834012034327896,0.8850995443636775,1
psit,Centaurea jacea,1.781005823039111,1.334543301297905,1
soro,Centaurea jacea,6.251181582762511,2.500236305384455,1
wurf,Centaurea jacea,0.16724859579435924,0.4089603841380718,1
bss,Centaurea scabiosa,2.1668681416915003,1.4720285804601418,1
hort,Centaurea scabiosa,1.6074221955411712,1.2678415498559634,1
prat,Centaurea scabiosa,3.9650149553052016,1.991234530462246,1
psit,Centaurea scabiosa,9.016169726437793,3.002693745029252,1
soro,Centaurea scabiosa,2.443285324033838,1.5631011880341714,1
wurf,Centaurea scabiosa,2.1053123402026213,1.4509694484042803,1
bss,Chaerophyllum hirsutum,1.118579584114861,1.0576292280921802,1
hort,Chaerophyllum hirsutum,0.0783507065737947,0.2799119621841744,1
hypn,Chaerophyllum hirsutum,0.9675939833468096,0.9836635519052283,1
pasc,Chaerophyllum hirsutum,0.025147268842210007,0.15857890415250703,1
prat,Chaerophyllum hirsutum,0.06184346575869398,0.24868346498851504,1
psit,Chaerophyllum hirsutum,0.06230934102257919,0.24961839079398615,1
bss,Chrysosplenium alternifolium,0.8194198622488531,0.9052181296509991,1
prat,Chrysosplenium alternifolium,0.4355028083233392,0.6599263658343552,1
pasc,Cirsium arvense,0.8918977193180674,0.9444033668502392,1
prat,Cirsium arvense,2.006987530661161,1.4166818734850675,1
psit,Cirsium arvense,10.480179369220457,3.237310514797809,1
soro,Cirsium arvense,0.948872242911057,0.9741007355048332,1
pasc,Cirsium oleraceum,0.5745246465297067,0.7579740408019965,1
prat,Cirsium palustre,0.5800020709916841,0.7615786702578297,1
psit,Cirsium palustre,2.0859213020726637,1.4442718934025767,1
bss,Cirsium spinosissimum,2.625346972427057,1.6202922490794853,1
hort,Cirsium spinosissimum,2.884870850553377,1.6984907566876473,1
psit,Cirsium spinosissimum,22.608341900668098,4.754823014652396,1
pyre,Cirsium spinosissimum,1.498388351783452,1.2240867419359838,1
soro,Cirsium spinosissimum,0.6265296164285971,0.791536238228293,1
pasc,Cirsium vulgare,1.1560005197911871,1.075174646181348,1
psit,Cirsium vulgare,11.240232609279122,3.3526456134341314,1
soro,Cirsium vulgare,2.9279596336555285,1.7111281756944827,1
bss,Clinopodium vulgare,0.1399130169488986,0.37404948462589627,1
pasc,Clinopodium vulgare,2.249098716054449,1.4996995419264652,1
prat,Clinopodium vulgare,0.7660983022215195,0.8752704166264959,1
soro,Clinopodium vulgare,1.0314576545014675,1.0156070374418777,1
wurf,Clinopodium vulgare,0.25788216174037726,0.5078209937964138,1
bss,Crepis aurea,0.2132467961399212,0.4617865265898532,1
lapi,Crepis aurea,1.968109240307463,1.402893167816945,1
mont,Crepis aurea,0.5877349115745033,0.7666387099374146,1
psit,Crepis aurea,1.2085134154823391,1.0993240720926378,1
soro,Crepis aurea,0.25788697378998754,0.5078257317131415,1
lapi,Crepis biennis,1.4317676535778034,1.1965649391394533,1
psit,Crepis biennis,3.2575010224494805,1.8048548480278077,1
bss,Crepis terglouensis,3.1465259227456794,1.7738449545396235,1
pasc,Crepis terglouensis,1.7863085514298451,1.3365285449364128,1
bss,Crocus albiflorus,0.3214117154432963,0.5669318437372312,1
pasc,Crocus albiflorus,1.3614753197768061,1.1668227456545428,1
prat,Crocus albiflorus,2.8010100175623287,1.6736218263282565,1
bss,Dactylorhiza maculata,0.06185756255011242,0.24871180621376304,1
hort,Dactylorhiza maculata,0.17930753468459756,0.423447204128918,1
pasc,Dactylorhiza maculata,0.031325512253743984,0.1769901473352231,1
prat,Dactylorhiza maculata,0.20613725057800328,0.4540234031170676,1
wurf,Dactylorhiza maculata,0.05500010226516227,0.23452100602112866,1
pasc,Daphne mezereum,0.6468416691921127,0.8042646760812716,1
bss,Dryas octopetala,3.3222383839655247,1.8227008487312242,1
hort,Dryas octopetala,1.8175477544424778,1.348164587297292,1
jone,Dryas octopetala,4.232044369722435,2.0571933233710524,1
mont,Dryas octopetala,2.2813769877730485,1.510422784445815,1
pasc,Dryas octopetala,0.7687090258723737,0.8767605293763935,1
prat,Dryas octopetala,0.9567649243242436,0.9781436112985882,1
pyre,Dryas octopetala,1.9993992867218389,1.414001162206679,1
soro,Dryas octopetala,0.6201147426682438,0.7874736456975838,1
wurf,Dryas octopetala,0.10340191808857885,0.3215616862883059,1
bss,Epilobium montanum,0.15863718041488642,0.39829283249248465,1
bss,Erica carnea,17.41194971449167,4.172762839473586,1
jone,Erica carnea,10.626547908034512,3.259838632207814,1
lapi,Erica carnea,29.77655423449905,5.456789737061439,1
mont,Erica carnea,4.862685620914349,2.2051497955727064,1
pasc,Erica carnea,2.348317126062051,1.5324219804159853,1
prat,Erica carnea,4.602037887662956,2.1452360913575355,1
psit,Erica carnea,15.443627767115155,3.9298381349764466,1
soro,Erica carnea,0.7604904802474196,0.872061053050427,1
wurf,Erica carnea,0.4700692714554477,0.6856159795800034,1
bss,Euphrasia rostkoviana,0.16465832896529664,0.4057811343141727,1
pasc,Euphrasia rostkoviana,0.5048521464503479,0.7105294831675516,1
prat,Euphrasia rostkoviana,0.05240398604607229,0.2289191692411806,1
soro,Euphrasia rostkoviana,0.074464448319666,0.2728817478683138,1
psit,Fragaria vesca,0.30064518101272786,0.5483112081771883,1
hort,Galeopsis tetrahit,2.0924733285739787,1.446538395126095,1
pasc,Galeopsis tetrahit,0.7360273346348954,0.8579203544822185,1
bss,Galium anisophyllon,0.047949187037396944,0.21897302810482605,1
bss,Gentiana asclepiadea,0.5590646783508083,0.7477062781271857,1
gers,Gentiana asclepiadea,7.375102091511529,2.715713919305848,1
hort,Gentiana asclepiadea,5.55973919682878,2.35790992127112,1
pasc,Gentiana asclepiadea,1.96319234063865,1.4011396577924164,1
prat,Gentiana asclepiadea,1.671427254812936,1.292836901860763,1
soro,Gentiana asclepiadea,1.6575317360158792,1.287451644146637,1
wurf,Gentiana asclepiadea,3.0385839593781894,1.743153452619186,1
bss,Gentiana aspera,0.36265290974279657,0.6022067001809234,1
hort,Gentiana aspera,0.5638393259063561,0.7508923530748972,1
mend,Gentiana aspera,4.105277367432512,2.0261484070601816,1
mont,Gentiana aspera,3.07355042860146,1.753154422348887,1
pasc,Gentiana aspera,0.21771632417652065,0.4666008188768218,1
pyre,Gentiana aspera,1.2106220287826315,1.1002827040277565,1
soro,Gentiana aspera,0.20082295072603495,0.4481327378422993,1
wurf,Gentiana aspera,1.37486747259826,1.1725474287201605,1
wurf,Gentiana ciliata,0.5735816173721214,0.7573517131241742,1
bss,Gentiana clusii,0.4065289121349735,0.6375961983379241,1
hort,Gentiana clusii,1.3113709331491348,1.1451510525468396,1
pasc,Gentiana clusii,0.8344753389991847,0.9134962172878357,1
prat,Gentiana clusii,0.2097262876224304,0.45795882743149563,1
soro,Gentiana clusii,1.229524804336386,1.1088393951949878,1
wurf,Gentiana clusii,0.4363637913042294,0.6605783763522913,1
bss,Gentiana pannonica,0.37018649283677013,0.6084295298855654,1
hort,Gentiana pannonica,1.3701240116298246,1.17052296501599,1
pasc,Gentiana pannonica,0.7265998657296149,0.8524082740856138,1
prat,Gentiana pannonica,0.9257302607619471,0.9621487726760073,1
soro,Gentiana pannonica,0.11138359982534048,0.33374181611740006,1
bss,Gentiana verna,0.8399115030408715,0.9164668586702257,1
hort,Gentiana verna,2.9268866860585567,1.7108146264451203,1
mont,Gentiana verna,0.2970821970715066,0.5450524718515701,1
pasc,Gentiana verna,0.11813548927344646,0.3437084364304235,1
prat,Gentiana verna,0.17361077571082556,0.4166662641861296,1
psit,Gentiana verna,2.205545607627467,1.4851079447728595,1
wurf,Gentiana verna,1.9167271527361087,1.3844591553152115,1
pasc,Geranium robertianum,0.20737461428326234,0.4553840294556478,1
bss,Geranium sylvaticum,0.6996715880874144,0.8364637398521315,1
hort,Geranium sylvaticum,0.8219213201968216,0.906598764722753,1
jone,Geranium sylvaticum,3.2863670677880217,1.8128339879282995,1
mend,Geranium sylvaticum,1.6664741579104079,1.290919888262013,1
mont,Geranium sylvaticum,3.409688475724647,1.8465341794087233,1
muci,Geranium sylvaticum,2.0772093399477396,1.4412526981580085,1
pasc,Geranium sylvaticum,0.5277815403891435,0.7264857468589068,1
prat,Geranium sylvaticum,0.9372748582873812,0.9681295668903936,1
psit,Geranium sylvaticum,3.8507267108361285,1.9623268613653864,1
pyre,Geranium sylvaticum,1.8045869957242189,1.343349171185295,1
soro,Geranium sylvaticum,3.1248708672851917,1.7677304283417175,1
wurf,Geranium sylvaticum,0.07286873420377438,0.26994209416794257,1
bss,Geum rivale,0.2611677963585111,0.5110457869491843,1
hort,Geum rivale,6.625910945488964,2.5740844868591557,1
jone,Geum rivale,12.462450532226775,3.5302196152968692,1
mont,Geum rivale,0.32374184866238137,0.5689831708076974,1
muci,Geum rivale,4.82494230077166,2.1965751297808276,1
pasc,Geum rivale,2.8547770366651664,1.6896085453930347,1
prat,Geum rivale,8.473159564301902,2.9108692111295387,1
psit,Geum rivale,1.3574058565028344,1.1650776182310063,1
pyre,Geum rivale,3.2526213639067065,1.8035025267259002,1
soro,Geum rivale,5.287944710514029,2.2995531545311207,1
wurf,Geum rivale,0.6481807114250175,0.8050967093616875,1
wurf,Globularia cordifolia,0.2808470136562151,0.5299500105257241,1
bss,Globularia nudicaulis,44.12260300784028,6.642484701362908,1
psit,Globularia nudicaulis,2.366738153565152,1.538420668596581,1
wurf,Globularia nudicaulis,1.3181634674578309,1.1481130029129671,1
bss,Hedysarum hedysaroides,4.231238058103012,2.0569973403247297,1
hort,Hedysarum hedysaroides,8.33944443793424,2.887809626331736,1
mend,Hedysarum hedysaroides,6.558105363578239,2.560879802641709,1
mont,Hedysarum hedysaroides,3.0062607167406776,1.7338571788762411,1
pasc,Hedysarum hedysaroides,9.85703126499071,3.139590939117819,1
wurf,Hedysarum hedysaroides,8.392515290361848,2.8969838263894134,1
bss,Helianthemum alpestre,5.374116046901269,2.3182139778073267,1
hort,Helianthemum alpestre,1.3130694113063655,1.1458924082593294,1
bss,Helianthemum nummularium,3.898673121255942,1.974505791649126,1
hypn,Helianthemum nummularium,1.5758856362712903,1.255342836149269,1
jone,Helianthemum nummularium,0.8826988906160781,0.9395205642326718,1
lapi,Helianthemum nummularium,1.831309312794965,1.353258775251417,1
mont,Helianthemum nummularium,0.09724872895693756,0.31184728467141987,1
pasc,Helianthemum nummularium,0.21534658816209012,0.46405450990383673,1
prat,Helianthemum nummularium,0.04803280209242037,0.2191638704084694,1
wurf,Helianthemum nummularium,0.10226454420320395,0.31978828027806766,1
bss,Helleborus niger,1.0680819455291917,1.0334805007977614,1
hort,Helleborus niger,0.3724702002443837,0.6103033673873869,1
mont,Helleborus niger,2.772616453876787,1.665117549567233,1
pasc,Helleborus niger,0.06545542825376183,0.25584258491064743,1
prat,Helleborus niger,0.20389691403297702,0.451549459121564,1
bss,Heracleum sphondylium,0.3947199022701367,0.6282673811922251,1
bss,Hieracium murorum,0.12810810232791925,0.3579219221114002,1
jone,Hieracium murorum,2.0526859090126153,1.4327197594130596,1
mont,Hieracium murorum,0.7591767031830943,0.8713074676502516,1
pyre,Hieracium villosum,1.4407100763919674,1.2002958286988952,1
bss,Hippocrepis comosa,0.4693346033848987,0.6850799977994532,1
hort,Hippocrepis comosa,0.921267154002088,0.9598266270541196,1
hypn,Hippocrepis comosa,2.1956179676336975,1.481761778300985,1
jone,Hippocrepis comosa,0.7147525298610039,0.8454303814395387,1
mont,Hippocrepis comosa,4.799035217509497,2.190670038483545,1
pasc,Hippocrepis comosa,0.6374628481157025,0.7984127053821868,1
soro,Hippocrepis comosa,0.3303081527430966,0.5747244146050319,1
wurf,Hippocrepis comosa,0.32961708735858747,0.5741228852419902,1
bss,Hypericum maculatum,3.213368053404998,1.7925869723405328,1
hort,Hypericum maculatum,0.6811266068438163,0.8253039481571721,1
hypn,Hypericum maculatum,2.2938561616919615,1.514548170806053,1
pasc,Hypericum maculatum,0.375147418693433,0.6124927907277219,1
prat,Hypericum maculatum,1.2422609286362094,1.114567597158741,1
psit,Hypericum maculatum,0.17204181838478985,0.4147792405422309,1
soro,Hypericum maculatum,0.2171545861151605,0.46599848295371143,1
wurf,Hypericum maculatum,0.26189688545024103,0.5117586202989072,1
hort,Impatiens noli-tangere,3.344103189413306,1.8286889263659103,1
bss,Knautia arvensis,1.2711303403310332,1.1274441628440113,1
hort,Knautia arvensis,10.481074948594442,3.237448833355431,1
humi,Knautia arvensis,55.88385865752887,7.475550726035432,1
jone,Knautia arvensis,12.27899767220424,3.504140075996426,1
lapi,Knautia arvensis,3.470400210809535,1.8629010201321847,1
pasc,Knautia arvensis,7.260297454998941,2.6944939144483033,1
prat,Knautia arvensis,2.2980374146362386,1.5159279054876715,1
psit,Knautia arvensis,4.789455887780002,2.1884825536841737,1
soro,Knautia arvensis,1.8492839393967602,1.359883796284359,1
wurf,Knautia arvensis,3.582134755310607,1.8926528353902115,1
bss,Knautia dipsacifolia,0.5314627475384618,0.729014915854581,1
muci,Knautia dipsacifolia,2.4926039189724998,1.5787982515104644,1
pasc,Knautia dipsacifolia,0.46146496280908594,0.6793121247328697,1
prat,Knautia dipsacifolia,2.2991401823560134,1.5162915888298047,1
psit,Knautia dipsacifolia,11.241913055318754,3.352896218990196,1
pyre,Knautia dipsacifolia,8.217886229570794,2.866685582614667,1
soro,Knautia dipsacifolia,0.30367755351198583,0.5510694634181664,1
pasc,Lamium galeobdolon,3.9052952862715475,1.976181997254187,1
prat,Lamium galeobdolon,2.524689621132842,1.5889271918916996,1
soro,Lamium galeobdolon,1.358972733115341,1.165749858724135,1
wurf,Lamium maculatum,3.4225114772885408,1.8500031019672754,1
bss,Lathyrus pratensis,2.052014946018612,1.4324855831800236,1
pasc,Lathyrus pratensis,2.058455002666336,1.4347316831611185,1
wurf,Lathyrus pratensis,1.106189137521216,1.0517552650313742,1
bss,Leontodon hispidus,0.0970627538576058,0.3115489590058131,1
lapi,Leontodon hispidus,0.6148112660102508,0.7840990154376237,1
mont,Leontodon hispidus,0.14514714276994883,0.38098181422470656,1
pasc,Leontodon hispidus,0.018370044183333267,0.13553613607939866,1
prat,Leontodon hispidus,0.05776093839555678,0.2403350544459896,1
psit,Leontodon hispidus,0.5585777722600626,0.747380607361512,1
soro,Leontodon hispidus,0.06388983879853835,0.25276439385035693,1
bss,Leucanthemum vulgare,0.021808699861867394,0.14767768911337756,1
pasc,Leucanthemum vulgare,0.01297367755387087,0.11390205245679672,1
bss,Lilium martagon,0.3033949366783605,0.5508129779501936,1
bss,Lotus corniculatus,1.756103805740825,1.325180669094152,1
hort,Lotus corniculatus,0.3818043955540173,0.6179032250717076,1
lapi,Lotus corniculatus,8.018454633105472,2.831687594545958,1
mend,Lotus corniculatus,0.6225125785114376,0.788994663170441,1
mont,Lotus corniculatus,2.419317723189963,1.5554156110795478,1
muci,Lotus corniculatus,9.63740232952363,3.104416584404166,1
pasc,Lotus corniculatus,2.3058498056581023,1.5185024878669453,1
prat,Lotus corniculatus,0.23640512232972094,0.4862150988294388,1
psit,Lotus corniculatus,0.11345978098235389,0.3368379150011974,1
pyre,Lotus corniculatus,0.517779944612423,0.7195692771460043,1
soro,Lotus corniculatus,0.30074949133641726,0.5484063195628013,1
wurf,Lotus corniculatus,6.626344681434432,2.5741687360067194,1
bss,Lysimachia nemorum,1.078175527776314,1.0383523138975104,1
pasc,Lysimachia nemorum,0.19196958565986477,0.4381433391709439,1
soro,Lysimachia nemorum,0.5002578685375413,0.7072890982742073,1
hort,Melampyrum sylvaticum,0.7800368382743474,0.8831969419525565,1
bss,Mentha longifolia,0.22009213223086624,0.46913977899008547,1
bss,Myosotis alpestris,0.6634331655190723,0.8145140671093853,1
jone,Myosotis alpestris,3.0681832533858873,1.7516230340418246,1
mont,Myosotis alpestris,2.3277275115374945,1.5256891923119513,1
prat,Myosotis alpestris,0.29859867071305646,0.5464418273824364,1
psit,Myosotis alpestris,0.7400791349595655,0.8602785217355862,1
soro,Myosotis alpestris,0.06458010530084468,0.25412616020560475,1
bss,Origanum vulgare,4.817768223761313,2.194941508050115,1
hort,Origanum vulgare,0.1186856011738916,0.3445077664928493,1
hypn,Origanum vulgare,7.859822165983988,2.803537437949418,1
lapi,Origanum vulgare,1.319877669206697,1.1488592904297275,1
pasc,Origanum vulgare,0.8996884887482695,0.9485191029959646,1
prat,Origanum vulgare,1.7882188607275231,1.337243007357871,1
psit,Origanum vulgare,3.2809779154865635,1.8113469892559413,1
soro,Origanum vulgare,1.715649839015534,1.3098281715612679,1
wurf,Origanum vulgare,0.029371711762021847,0.17138177196546267,1
bss,Petasites albus,2.052874874396783,1.4327857042826688,1
humi,Petasites albus,9.187753250531408,3.0311306884612232,1
pasc,Petasites albus,0.8353877098647321,0.9139954649038102,1
prat,Petasites albus,8.506832461946283,2.916647469603806,1
psit,Petasites albus,7.347441806251419,2.71061649929521,1
soro,Petasites albus,8.129087171432943,2.8511554099054197,1
wurf,Petasites albus,0.5697621414135027,0.7548259013928329,1
bss,Phyteuma orbiculare,0.2447061432619209,0.4946778176368139,1
hort,Phyteuma orbiculare,0.20926571791142662,0.4574557004906886,1
jone,Phyteuma orbiculare,1.6556550717336909,1.286722608697652,1
lapi,Phyteuma orbiculare,2.362088488804414,1.5369087444622123,1
mont,Phyteuma orbiculare,0.40026023538165134,0.6326612327159389,1
prat,Phyteuma orbiculare,1.5845923919912928,1.2588059389720454,1
psit,Phyteuma orbiculare,1.6279600697983727,1.2759153850465057,1
pyre,Phyteuma orbiculare,2.1422694965041664,1.463649376218282,1
soro,Phyteuma orbiculare,9.290097055444544,3.04796605221327,1
wurf,Phyteuma orbiculare,1.0354963645031756,1.0175934180718622,1
soro,Phyteuma spicatum,3.8547933156491103,1.9633627570189647,1
wurf,Phyteuma spicatum,0.5940915135612244,0.7707733217757503,1
bss,Plantago lanceolata,1.940861899536782,1.393148197262869,1
hort,Plantago lanceolata,0.09613297227523146,0.31005317652820696,1
prat,Plantago lanceolata,0.08360149648313421,0.2891392337320105,1
wurf,Plantago lanceolata,0.035859449749062,0.18936591496111965,1
bss,Plantago media,2.3357519496635746,1.5283167046340802,1
hypn,Plantago media,2.5982803471556966,1.611918219748042,1
jone,Plantago media,1.6210336124105458,1.2731981826921313,1
pasc,Plantago media,0.09940487339877249,0.3152853840551009,1
prat,Plantago media,0.7574008724082437,0.8702878100997645,1
bss,Polygala alpestris,0.061585456462130116,0.24816417239829386,1
mont,Polygala alpestris,0.3609675892142911,0.6008057832730067,1
psit,Polygala alpestris,3.2451647575316698,1.8014340835933103,1
hort,Polygala amara,0.6437424650440051,0.8023356311694035,1
pasc,Polygala amara,0.2564730430985023,0.5064316766341757,1
psit,Polygala amara,2.0964118563293765,1.4478991181464875,1
bss,Polygala chamaebuxus,3.060234895119523,1.7493527074662567,1
hort,Polygala chamaebuxus,0.37600263439639703,0.6131905367798797,1
pasc,Polygala chamaebuxus,5.06526188089163,2.25061366762304,1
prat,Polygala chamaebuxus,0.5065774253342965,0.7117425274172512,1
psit,Polygala chamaebuxus,1.121679154262959,1.0590935531212335,1
soro,Polygala chamaebuxus,0.6517543491140945,0.807313042824216,1
wurf,Polygala chamaebuxus,9.404662054653256,3.0667021463867754,1
prat,Polygonatum verticillatum,1.405630175299887,1.18559275271903,1
wurf,Polygonatum verticillatum,0.47627107190398243,0.690123954014047,1
bss,Potentilla aurea,0.3966611935335918,0.6298104425409219,1
mont,Potentilla brauneana,2.725218391755007,1.6508235495518615,1
bss,Potentilla erecta,0.8703692441254405,0.9329358199390998,1
jone,Potentilla erecta,0.4364348410811897,0.6606321526244311,1
mont,Potentilla erecta,0.3219650129254932,0.5674196092183396,1
pasc,Potentilla erecta,0.03524792755382295,0.18774431430491564,1
prat,Potentilla erecta,0.06334029397348571,0.2516749768520615,1
soro,Potentilla erecta,0.0377973176901547,0.19441532267327774,1
wurf,Potentilla erecta,0.057269901333802706,0.23931130632254446,1
bss,Primula elatior,0.1968974247900255,0.44373125288853105,1
hort,Primula elatior,4.11100387972087,2.027561066829029,1
lapi,Primula elatior,1.950100295317348,1.3964599153994175,1
pasc,Primula elatior,3.3493220690573406,1.8301153157813146,1
prat,Primula elatior,0.9300287395087391,0.9643799767253254,1
wurf,Primula elatior,0.9440685669504416,0.9716319091870345,1
wurf,Primula farinosa,0.08429126695437131,0.290329583326211,1
mont,Primula minima,1.324424638748912,1.1508364952281067,1
psit,Primula minima,2.89733041723097,1.7021546396350038,1
hort,Primula veris,1.955800183578652,1.39849926120061,1
pasc,Primula veris,0.18675163140651216,0.43214769628740607,1
wurf,Primula veris,0.5400395555395313,0.7348738364777531,1
bss,Prunella vulgaris,1.4444296424823557,1.2018442671504306,1
hort,Prunella vulgaris,1.9734732594090447,1.4048036373134307,1
hypn,Prunella vulgaris,1.0448524862471338,1.022180261131633,1
jone,Prunella vulgaris,3.451722019778575,1.857881056413078,1
lapi,Prunella vulgaris,0.4560028060479791,0.6752797983413832,1
mend,Prunella vulgaris,1.6583767354928904,1.2877797697948552,1
mont,Prunella vulgaris,5.194163470614638,2.27907074717189,1
muci,Prunella vulgaris,1.3707226689778667,1.1707786592596683,1
pasc,Prunella vulgaris,4.86807135192683,2.20637062886697,1
prat,Prunella vulgaris,3.2469287069542636,1.8019236129631755,1
psit,Prunella vulgaris,0.16642510616359377,0.40795233320033086,1
pyre,Prunella vulgaris,1.3246932159233098,1.1509531771202988,1
soro,Prunella vulgaris,1.2237748956874208,1.1062435969023372,1
wurf,Prunella vulgaris,2.189965649311477,1.4798532526272585,1
bss,Ranunculus acris,0.7217984814136045,0.8495872417907442,1
pasc,Ranunculus acris,0.03834631599813374,0.19582215400238487,1
psit,Ranunculus acris,0.12630045099830345,0.3553877473947343,1
wurf,Ranunculus acris,0.026156785699800376,0.16173059605343812,1
bss,Ranunculus montanus,0.08613925480312248,0.293494897405598,1
mont,Ranunculus montanus,0.1819779565094235,0.4265887440022574,1
prat,Ranunculus montanus,0.09665908276697291,0.3109004386728538,1
psit,Ranunculus montanus,0.18979751220008834,0.4356575630011355,1
wurf,Ranunculus montanus,0.07178157150345917,0.26792083066357336,1
bss,Ranunculus nemorosus,1.077691789988254,1.038119352477476,1
pasc,Ranunculus nemorosus,0.02310616727595599,0.15200712903004251,1
bss,Ranunculus repens,2.0907836537035633,1.4459542363794102,1
bss,Rhinanthus alectorolophus,5.998856633438188,2.4492563429412995,1
hort,Rhinanthus alectorolophus,3.684396020142308,1.9194780593021394,1
jone,Rhinanthus alectorolophus,4.188290345762929,2.0465312960624202,1
pasc,Rhinanthus alectorolophus,1.375355034812468,1.1727553175374938,1
prat,Rhinanthus alectorolophus,0.5964631730144745,0.7723102828620596,1
soro,Rhinanthus alectorolophus,0.8094479078463348,0.8996932298546737,1
wurf,Rhinanthus alectorolophus,4.3582317651639535,2.087637843392372,1
bss,Rhinanthus glacialis,3.781933592131561,1.9447194121856142,1
gers,Rhinanthus glacialis,1.3027252919715864,1.1413699189884,1
hort,Rhinanthus glacialis,6.512350616583754,2.5519307624980256,1
lapi,Rhinanthus glacialis,1.2628606209515694,1.123770715471608,1
mend,Rhinanthus glacialis,1.5246975422928415,1.234786435904137,1
mont,Rhinanthus glacialis,0.4053575146016436,0.6366769311052848,1
muci,Rhinanthus glacialis,0.6609470421120345,0.8129864956517018,1
pasc,Rhinanthus glacialis,2.8903624710839195,1.700106605799742,1
prat,Rhinanthus glacialis,2.369146501573743,1.5392032034704655,1
pyre,Rhinanthus glacialis,1.308309557239985,1.14381360248949,1
soro,Rhinanthus glacialis,0.3375632470279399,0.5810019337557664,1
wurf,Rhinanthus glacialis,7.69369939949219,2.773751863359841,1
bss,Rhinanthus minor,2.48928576400283,1.577747053238519,1
hort,Rhinanthus minor,1.2074131822230694,1.0988235446253731,1
jone,Rhinanthus minor,3.083125165121936,1.7558830157849172,1
pasc,Rhinanthus minor,1.2917901809769576,1.136569479168325,1
prat,Rhinanthus minor,1.039618374953936,1.0196167784780399,1
soro,Rhinanthus minor,0.3230159123247935,0.5683448885358199,1
wurf,Rhinanthus minor,1.8496153219352112,1.36000563305275,1
bss,Rhododendron hirsutum,1.4680412313801288,1.2116275134628336,1
hort,Rhododendron hirsutum,1.3846938650161718,1.1767301581144982,1
hypn,Rhododendron hirsutum,5.4611022003408625,2.3369001263085383,1
jone,Rhododendron hirsutum,1.698822860723616,1.3033889905640663,1
mend,Rhododendron hirsutum,0.7159152094736633,0.8461177279041394,1
mont,Rhododendron hirsutum,4.141675744109966,2.035110744925191,1
pasc,Rhododendron hirsutum,1.7929432729872004,1.339008316997023,1
prat,Rhododendron hirsutum,2.835340123126945,1.6838468229405386,1
psit,Rhododendron hirsutum,1.8641177997310714,1.3653269937019012,1
pyre,Rhododendron hirsutum,2.4843041667312566,1.576167556680208,1
soro,Rhododendron hirsutum,2.162146362225028,1.4704238716183262,1
wurf,Rhododendron hirsutum,0.8159539756186047,0.9033017079683868,1
mont,Rhodothamnus chamaecistus,0.8436283957436458,0.9184924581855018,1
psit,Rhodothamnus chamaecistus,2.4525119761643515,1.5660498000269185,1
bss,Rumex acetosa,0.3408068953909061,0.5837866865481827,1
pasc,Rumex acetosa,0.047762963522595764,0.21854739422513314,1
soro,Rumex acetosa,0.09733071682023431,0.3119787121266999,1
bss,Rumex alpestris,0.7618284345144303,0.8728278378434262,1
bss,Salvia glutinosa,0.0990322012247929,0.31469382139596086,1
gers,Salvia glutinosa,2.914512691169984,1.7071943917345747,1
hort,Salvia glutinosa,5.222769050389577,2.285337841630768,1
hypn,Salvia glutinosa,0.7287125474965646,0.8536466174574608,1
pasc,Salvia glutinosa,0.8668747360265139,0.9310610807173254,1
prat,Salvia glutinosa,0.16933544718385526,0.4115038847737106,1
psit,Salvia glutinosa,0.26316190731577466,0.5129930870058335,1
wurf,Salvia glutinosa,4.608876662414076,2.146829444183696,1
bss,Salvia verticillata,2.669453264087264,1.633846156799123,1
pasc,Salvia verticillata,4.032452904630802,2.008096836467505,1
soro,Salvia verticillata,0.7765987580012155,0.8812484087935794,1
bss,Saxifraga aizoides,1.2149251495787687,1.1022364308889308,1
mont,Saxifraga aizoides,1.8457973937701622,1.3586012637157976,1
prat,Saxifraga aizoides,0.3778154648346097,0.614666954402634,1
pyre,Saxifraga aizoides,1.402351363817226,1.184209172324394,1
bss,Scabiosa lucida,1.770910901471042,1.330755763268017,1
jone,Scabiosa lucida,2.748747500791959,1.6579347094478596,1
mont,Scabiosa lucida,0.3033630038408547,0.5507839901820447,1
muci,Scabiosa lucida,0.7335593831278211,0.8564808130529377,1
pasc,Scabiosa lucida,0.47918565367575444,0.6922323697110345,1
prat,Scabiosa lucida,0.8379616138132217,0.9154024327110026,1
psit,Scabiosa lucida,2.2613328597537063,1.50377287505584,1
pyre,Scabiosa lucida,1.5728439759565152,1.2541307650944997,1
soro,Scabiosa lucida,2.5447829895119485,1.595237596570476,1
wurf,Scabiosa lucida,0.1044178822039509,0.3231375592591349,1
pasc,Scrophularia nodosa,0.2767826072174517,0.5261013278993427,1
prat,Scrophularia nodosa,0.9346683997852104,0.9667824986961703,1
bss,Senecio abrotanifolius,0.10773696890953988,0.32823310148359486,1
psit,Senecio abrotanifolius,0.2508829255953763,0.500882147411321,1
mont,Senecio ovatus,0.38474249229291263,0.620276141966554,1
pasc,Senecio ovatus,0.029863417668880055,0.17281035174109233,1
prat,Senecio ovatus,0.2972389629473837,0.5451962609440602,1
psit,Senecio ovatus,1.9147623111666536,1.3837493671784113,1
pyre,Senecio ovatus,1.3483631374783736,1.1611903967387835,1
soro,Senecio ovatus,0.19138406479820275,0.4374746447489303,1
bss,Silene acaulis,0.5030842804018789,0.7092843438296653,1
hort,Silene acaulis,2.0132163218470702,1.418878543726372,1
mend,Silene acaulis,5.7890953506195135,2.406053896033818,1
mont,Silene acaulis,2.5282406831611834,1.5900442393723464,1
psit,Silene acaulis,16.07762689635985,4.009691621105025,1
soro,Silene acaulis,1.1853333117304816,1.0887301372380953,1
bss,Silene dioica,0.07170694476068827,0.2677815243079482,1
hort,Silene dioica,1.8025317624361095,1.3425839871069927,1
jone,Silene dioica,1.510598785177735,1.2290641908288333,1
pasc,Silene dioica,0.16070238934517206,0.4008770252149305,1
prat,Silene dioica,0.18388046228084418,0.4288128522803907,1
psit,Silene dioica,1.0961713413881347,1.0469820157902114,1
pasc,Silene flos-cuculi,2.7413654783023844,1.6557069421556414,1
soro,Silene flos-cuculi,2.293390093881186,1.514394299342541,1
bss,Silene vulgaris,0.08542360835229475,0.2922731741920472,1
pyre,Silene vulgaris,2.082729567712034,1.4431665072721283,1
soro,Silene vulgaris,0.05638093925721971,0.23744670824675526,1
wurf,Silene vulgaris,0.054181722767962764,0.23276967750968502,1
bss,Soldanella alpina,2.256442427860842,1.502145940932785,1
hort,Soldanella alpina,0.9445579886443839,0.9718837320607768,1
jone,Soldanella alpina,3.508368961220893,1.873064056892047,1
mont,Soldanella alpina,1.2346146451968998,1.1111321456950563,1
pasc,Soldanella alpina,0.8581187150759831,0.9263469733722798,1
prat,Soldanella alpina,2.9759233470895516,1.7250864752497341,1
psit,Soldanella alpina,0.7521396014517405,0.867259823496823,1
soro,Soldanella alpina,3.1299090966838703,1.769154910312794,1
wurf,Soldanella alpina,1.6510453042021993,1.2849300775537162,1
bss,Solidago virgaurea,0.9531327171001015,0.9762851617740083,1
mont,Solidago virgaurea,0.889411953031156,0.9430863974372422,1
prat,Solidago virgaurea,0.4066468865145567,0.6376887065916698,1
pyre,Solidago virgaurea,1.432643988712667,1.1969310709947616,1
soro,Solidago virgaurea,0.28373243762841877,0.5326654087027041,1
bss,Stachys alopecuros,0.8958477468175724,0.9464923384885756,1
hort,Stachys alopecuros,4.974579541582489,2.2303765470391967,1
hypn,Stachys alopecuros,2.0283920247751595,1.424216284408783,1
jone,Stachys alopecuros,1.5104990927769726,1.229023633937514,1
lapi,Stachys alopecuros,6.345385910882149,2.519004944592636,1
mend,Stachys alopecuros,3.6731263577127606,1.9165402050864366,1
mont,Stachys alopecuros,0.36495000870992683,0.6041109241769486,1
muci,Stachys alopecuros,1.0981739482174635,1.0479379505569324,1
pasc,Stachys alopecuros,2.5135417400569824,1.5854153209985649,1
prat,Stachys alopecuros,5.522687907329849,2.350039979942862,1
psit,Stachys alopecuros,1.1416411239130364,1.0684760754986686,1
pyre,Stachys alopecuros,0.6690215047690108,0.8179373477039734,1
soro,Stachys alopecuros,1.5343768886805316,1.2386996765481662,1
wurf,Stachys alopecuros,3.2321505211855883,1.797818267007427,1
bss,Stachys officinalis,2.9211122158886615,1.7091261556387993,1
hort,Stachys officinalis,13.240026570824835,3.638684730891759,1
pasc,Stachys officinalis,13.659374707889507,3.695859129876233,1
psit,Stachys officinalis,1.717412009961586,1.3105006714845995,1
bss,Stachys sylvatica,0.21045248888503723,0.45875100968285315,1
hort,Stachys sylvatica,1.6288716415936366,1.2762725577217575,1
pasc,Stachys sylvatica,0.9080042389871416,0.9528925642417101,1
bss,Taraxacum officinale,2.636202362982282,1.6236386183453144,1
pasc,Taraxacum officinale,0.2625568982310417,0.5124030622771899,1
prat,Taraxacum officinale,1.821389572509961,1.349588667894763,1
psit,Taraxacum officinale,7.227570329953881,2.688414091979485,1
bss,Teucrium chamaedrys,1.9072334574817067,1.38102623345167,1
hort,Teucrium chamaedrys,0.81795639419755,0.9044094173534185,1
pasc,Teucrium chamaedrys,4.369495045522463,2.090333716305237,1
prat,Teucrium chamaedrys,4.85929824440356,2.2043816013575235,1
soro,Teucrium chamaedrys,0.23461273913173633,0.48436839196187886,1
bss,Thymus praecox,0.3931822781724483,0.627042485141516,1
hort,Thymus praecox,0.29534793331408565,0.5434592287504976,1
mont,Thymus praecox,1.6095540912969695,1.2686820292322933,1
pasc,Thymus praecox,0.06606192399794758,0.2570251427350009,1
prat,Thymus praecox,0.2164747474972414,0.4652684681957734,1
psit,Thymus praecox,3.0846374763927553,1.7563136042269774,1
wurf,Thymus praecox,0.06360132442119394,0.25219303008051974,1
bss,Thymus pulegioides,4.203841984308215,2.050327287119843,1
hort,Thymus pulegioides,0.8276289711836683,0.909741156144795,1
jone,Thymus pulegioides,10.623360316328336,3.259349676903099,1
mont,Thymus pulegioides,11.066763098792846,3.32667448043731,1
pasc,Thymus pulegioides,1.2794352573037593,1.1311212389941934,1
prat,Thymus pulegioides,3.2399366605656064,1.799982405626679,1
psit,Thymus pulegioides,2.43943734090379,1.561869822009437,1
pyre,Thymus pulegioides,8.46317086127575,2.9091529456657566,1
soro,Thymus pulegioides,1.2228008064791598,1.1058032404000089,1
wurf,Thymus pulegioides,0.4396963376639494,0.6630960244670069,1
bss,Tofieldia calyculata,0.0984800846492325,0.31381536713365793,1
psit,Tragopogon pratensis,2.4484700194788926,1.564758773574666,1
mont,Trifolium badium,1.7120042671940316,1.3084358093517738,1
bss,Trifolium montanum,0.9951390983494176,0.9975665884287713,1
pasc,Trifolium montanum,0.684721463887341,0.827478980933861,1
bss,Trifolium pratense,1.2641395838156693,1.1243396212068972,1
hort,Trifolium pratense,2.205183095174141,1.4849858905639948,1
hypn,Trifolium pratense,2.2549488616925544,1.5016487144777084,1
jone,Trifolium pratense,0.6084919427553787,0.780058935437175,1
lapi,Trifolium pratense,1.3665803691782845,1.1690082844780376,1
mend,Trifolium pratense,6.547936547281239,2.55889361781244,1
mont,Trifolium pratense,0.909430553038303,0.9536406834014072,1
muci,Trifolium pratense,7.725703624489477,2.7795149980688136,1
pasc,Trifolium pratense,4.296226545276897,2.0727340749061125,1
prat,Trifolium pratense,0.4444106332104142,0.6666413077588383,1
psit,Trifolium pratense,0.19206323462293093,0.4382501963752337,1
soro,Trifolium pratense,0.20909067851820895,0.45726434205851757,1
wurf,Trifolium pratense,0.8533163426562053,0.9237512341838604,1
bss,Trifolium repens,1.057813578600113,1.028500645891928,1
lapi,Trifolium repens,3.3069306019935962,1.818496797355881,1
pasc,Trifolium repens,1.6017420167693965,1.2655994693304025,1
prat,Trifolium repens,0.15203246215248498,0.38991340340194125,1
bss,Trollius europaeus,1.1063730532686902,1.0518426941651922,1
jone,Trollius europaeus,1.0435625866326903,1.021549111219177,1
prat,Trollius europaeus,0.038965914382529235,0.19739785810015578,1
bss,Tussilago farfara,0.31663816338414585,0.5627061074700948,1
bss,Vaccinium myrtillus,0.3873089106252006,0.6223414742930127,1
hort,Vaccinium myrtillus,1.177008207044646,1.0849000908123503,1
prat,Vaccinium myrtillus,3.6033959750207423,1.8982613031457871,1
psit,Vaccinium myrtillus,0.4398415673307167,0.6632055242009951,1
soro,Vaccinium myrtillus,0.9049342622737883,0.9512803279127495,1
wurf,Vaccinium myrtillus,1.0959816494679868,1.0468914220051604,1
prat,Vaccinium vitis-idaea,1.8849802825193014,1.372945841072874,1
bss,Veronica chamaedrys,2.0516557079865807,1.4323601879368824,1
hort,Veronica chamaedrys,0.3409867670142964,0.5839407221750307,1
hypn,Veronica chamaedrys,5.055996527876514,2.2485543195298874,1
jone,Veronica chamaedrys,1.2850270215006943,1.1335903234858236,1
mend,Veronica chamaedrys,1.7335161678828925,1.3166306117825501,1
mont,Veronica chamaedrys,5.563741292566322,2.358758421832622,1
pasc,Veronica chamaedrys,0.33636450249754885,0.5799693978974657,1
prat,Veronica chamaedrys,1.4988193659344635,1.224262784672663,1
soro,Veronica chamaedrys,1.4361194660878813,1.198382020095379,1
pasc,Veronica officinalis,0.16455624051713383,0.4056553223084024,1
pasc,Vicia cracca,3.4866249746851894,1.8672506459190714,1
wurf,Vicia cracca,4.197848746359169,2.0488652338207043,1
pasc,Vicia sepium,1.9180324098316657,1.3849304711181951,1
wurf,Vicia sepium,0.5908685735531833,0.7686797600777474,1
pasc,Viola reichenbachiana,1.3603406653326817,1.166336428880056,1
psit,Viola reichenbachiana,0.6876853859709255,0.8292679820003456,1
bss,Willemetia stipitata,1.0785420975559883,1.0385288140229854,1
soro,Willemetia stipitata,1.2293323656034456,1.108752616954497,1
bss,Achillea atrata,0,0,0
gers,Achillea atrata,0,0,0
hort,Achillea atrata,0,0,0
hypn,Achillea atrata,0,0,0
jone,Achillea atrata,0,0,0
lapi,Achillea atrata,0,0,0
mend,Achillea atrata,0,0,0
mont,Achillea atrata,0,0,0
muci,Achillea atrata,0,0,0
pasc,Achillea atrata,0,0,0
prat,Achillea atrata,0,0,0
psit,Achillea atrata,0,0,0
pyre,Achillea atrata,0,0,0
soro,Achillea atrata,0,0,0
wurf,Achillea atrata,0,0,0
gers,Acinos alpinus,0,0,0
humi,Acinos alpinus,0,0,0
hypn,Acinos alpinus,0,0,0
muci,Acinos alpinus,0,0,0
bss,Aconitum napellus,0,0,0
hort,Aconitum napellus,0,0,0
hypn,Aconitum napellus,0,0,0
jone,Aconitum napellus,0,0,0
mend,Aconitum napellus,0,0,0
mont,Aconitum napellus,0,0,0
muci,Aconitum napellus,0,0,0
pasc,Aconitum napellus,0,0,0
prat,Aconitum napellus,0,0,0
psit,Aconitum napellus,0,0,0
pyre,Aconitum napellus,0,0,0
soro,Aconitum napellus,0,0,0
hort,Aconitum vulparia,0,0,0
hypn,Aconitum vulparia,0,0,0
jone,Aconitum vulparia,0,0,0
lapi,Aconitum vulparia,0,0,0
mend,Aconitum vulparia,0,0,0
mont,Aconitum vulparia,0,0,0
muci,Aconitum vulparia,0,0,0
pasc,Aconitum vulparia,0,0,0
prat,Aconitum vulparia,0,0,0
psit,Aconitum vulparia,0,0,0
pyre,Aconitum vulparia,0,0,0
soro,Aconitum vulparia,0,0,0
wurf,Aconitum vulparia,0,0,0
gers,Adenostyles alliariae,0,0,0
hort,Adenostyles alliariae,0,0,0
humi,Adenostyles alliariae,0,0,0
hypn,Adenostyles alliariae,0,0,0
lapi,Adenostyles alliariae,0,0,0
mend,Adenostyles alliariae,0,0,0
mont,Adenostyles alliariae,0,0,0
muci,Adenostyles alliariae,0,0,0
pasc,Adenostyles alliariae,0,0,0
prat,Adenostyles alliariae,0,0,0
pyre,Adenostyles alliariae,0,0,0
soro,Adenostyles alliariae,0,0,0
wurf,Adenostyles alliariae,0,0,0
humi,Ajuga reptans,0,0,0
lapi,Ajuga reptans,0,0,0
mend,Ajuga reptans,0,0,0
mont,Ajuga reptans,0,0,0
muci,Ajuga reptans,0,0,0
pyre,Ajuga reptans,0,0,0
bss,Alchemilla vulgaris,0,0,0
gers,Alchemilla vulgaris,0,0,0
hort,Alchemilla vulgaris,0,0,0
humi,Alchemilla vulgaris,0,0,0
hypn,Alchemilla vulgaris,0,0,0
jone,Alchemilla vulgaris,0,0,0
lapi,Alchemilla vulgaris,0,0,0
mend,Alchemilla vulgaris,0,0,0
mont,Alchemilla vulgaris,0,0,0
muci,Alchemilla vulgaris,0,0,0
pasc,Alchemilla vulgaris,0,0,0
prat,Alchemilla vulgaris,0,0,0
psit,Alchemilla vulgaris,0,0,0
pyre,Alchemilla vulgaris,0,0,0
soro,Alchemilla vulgaris,0,0,0
wurf,Alchemilla vulgaris,0,0,0
hort,Androsace chamaejasme,0,0,0
hypn,Androsace chamaejasme,0,0,0
jone,Androsace chamaejasme,0,0,0
mend,Androsace chamaejasme,0,0,0
pasc,Androsace chamaejasme,0,0,0
prat,Androsace chamaejasme,0,0,0
psit,Androsace chamaejasme,0,0,0
pyre,Androsace chamaejasme,0,0,0
soro,Androsace chamaejasme,0,0,0
wurf,Androsace chamaejasme,0,0,0
hort,Anemone nemorosa,0,0,0
humi,Anemone nemorosa,0,0,0
jone,Anemone nemorosa,0,0,0
lapi,Anemone nemorosa,0,0,0
mont,Anemone nemorosa,0,0,0
pasc,Anemone nemorosa,0,0,0
prat,Anemone nemorosa,0,0,0
psit,Anemone nemorosa,0,0,0
soro,Anemone nemorosa,0,0,0
bss,Antennaria dioica,0,0,0
hort,Antennaria dioica,0,0,0
hypn,Antennaria dioica,0,0,0
jone,Antennaria dioica,0,0,0
lapi,Antennaria dioica,0,0,0
mont,Antennaria dioica,0,0,0
prat,Antennaria dioica,0,0,0
psit,Antennaria dioica,0,0,0
pyre,Antennaria dioica,0,0,0
soro,Antennaria dioica,0,0,0
wurf,Antennaria dioica,0,0,0
gers,Anthericum ramosum,0,0,0
hort,Anthericum ramosum,0,0,0
hypn,Anthericum ramosum,0,0,0
jone,Anthericum ramosum,0,0,0
mont,Anthericum ramosum,0,0,0
pasc,Anthericum ramosum,0,0,0
prat,Anthericum ramosum,0,0,0
psit,Anthericum ramosum,0,0,0
wurf,Anthericum ramosum,0,0,0
gers,Anthyllis vulneraria,0,0,0
humi,Anthyllis vulneraria,0,0,0
jone,Anthyllis vulneraria,0,0,0
lapi,Anthyllis vulneraria,0,0,0
prat,Anthyllis vulneraria,0,0,0
psit,Anthyllis vulneraria,0,0,0
pyre,Anthyllis vulneraria,0,0,0
hort,Aposeris foetida,0,0,0
hypn,Aposeris foetida,0,0,0
jone,Aposeris foetida,0,0,0
lapi,Aposeris foetida,0,0,0
mend,Aposeris foetida,0,0,0
muci,Aposeris foetida,0,0,0
pasc,Aposeris foetida,0,0,0
pyre,Aposeris foetida,0,0,0
bss,Aster bellidiastrum,0,0,0
hort,Aster bellidiastrum,0,0,0
humi,Aster bellidiastrum,0,0,0
hypn,Aster bellidiastrum,0,0,0
jone,Aster bellidiastrum,0,0,0
lapi,Aster bellidiastrum,0,0,0
mend,Aster bellidiastrum,0,0,0
mont,Aster bellidiastrum,0,0,0
muci,Aster bellidiastrum,0,0,0
pasc,Aster bellidiastrum,0,0,0
prat,Aster bellidiastrum,0,0,0
psit,Aster bellidiastrum,0,0,0
pyre,Aster bellidiastrum,0,0,0
soro,Aster bellidiastrum,0,0,0
wurf,Aster bellidiastrum,0,0,0
hypn,Bartsia alpina,0,0,0
jone,Bartsia alpina,0,0,0
lapi,Bartsia alpina,0,0,0
muci,Bartsia alpina,0,0,0
psit,Bartsia alpina,0,0,0
gers,Biscutella laevigata,0,0,0
hort,Biscutella laevigata,0,0,0
humi,Biscutella laevigata,0,0,0
hypn,Biscutella laevigata,0,0,0
jone,Biscutella laevigata,0,0,0
lapi,Biscutella laevigata,0,0,0
mend,Biscutella laevigata,0,0,0
mont,Biscutella laevigata,0,0,0
muci,Biscutella laevigata,0,0,0
prat,Biscutella laevigata,0,0,0
psit,Biscutella laevigata,0,0,0
pyre,Biscutella laevigata,0,0,0
soro,Biscutella laevigata,0,0,0
gers,Buphthalmum salicifolium,0,0,0
hort,Buphthalmum salicifolium,0,0,0
humi,Buphthalmum salicifolium,0,0,0
hypn,Buphthalmum salicifolium,0,0,0
jone,Buphthalmum salicifolium,0,0,0
lapi,Buphthalmum salicifolium,0,0,0
mend,Buphthalmum salicifolium,0,0,0
mont,Buphthalmum salicifolium,0,0,0
muci,Buphthalmum salicifolium,0,0,0
pasc,Buphthalmum salicifolium,0,0,0
prat,Buphthalmum salicifolium,0,0,0
psit,Buphthalmum salicifolium,0,0,0
pyre,Buphthalmum salicifolium,0,0,0
soro,Buphthalmum salicifolium,0,0,0
wurf,Buphthalmum salicifolium,0,0,0
bss,Campanula alpina,0,0,0
hort,Campanula alpina,0,0,0
jone,Campanula alpina,0,0,0
mend,Campanula alpina,0,0,0
pasc,Campanula alpina,0,0,0
prat,Campanula alpina,0,0,0
psit,Campanula alpina,0,0,0
wurf,Campanula alpina,0,0,0
bss,Campanula cochleariifolia,0,0,0
gers,Campanula cochleariifolia,0,0,0
hort,Campanula cochleariifolia,0,0,0
hypn,Campanula cochleariifolia,0,0,0
jone,Campanula cochleariifolia,0,0,0
lapi,Campanula cochleariifolia,0,0,0
mend,Campanula cochleariifolia,0,0,0
mont,Campanula cochleariifolia,0,0,0
muci,Campanula cochleariifolia,0,0,0
pasc,Campanula cochleariifolia,0,0,0
prat,Campanula cochleariifolia,0,0,0
psit,Campanula cochleariifolia,0,0,0
wurf,Campanula cochleariifolia,0,0,0
gers,Campanula scheuchzeri,0,0,0
hort,Campanula scheuchzeri,0,0,0
hypn,Campanula scheuchzeri,0,0,0
jone,Campanula scheuchzeri,0,0,0
lapi,Campanula scheuchzeri,0,0,0
mont,Campanula scheuchzeri,0,0,0
pasc,Campanula scheuchzeri,0,0,0
gers,Cardamine enneaphyllos,0,0,0
humi,Cardamine enneaphyllos,0,0,0
hypn,Cardamine enneaphyllos,0,0,0
jone,Cardamine enneaphyllos,0,0,0
lapi,Cardamine enneaphyllos,0,0,0
mend,Cardamine enneaphyllos,0,0,0
mont,Cardamine enneaphyllos,0,0,0
muci,Cardamine enneaphyllos,0,0,0
pyre,Cardamine enneaphyllos,0,0,0
gers,Carduus defloratus,0,0,0
humi,Carduus defloratus,0,0,0
mend,Carduus defloratus,0,0,0
bss,Carex ericetorum,0,0,0
hort,Carex ericetorum,0,0,0
jone,Carex ericetorum,0,0,0
pasc,Carex ericetorum,0,0,0
prat,Carex ericetorum,0,0,0
psit,Carex ericetorum,0,0,0
soro,Carex ericetorum,0,0,0
wurf,Carex ericetorum,0,0,0
hort,Carlina vulgaris,0,0,0
pasc,Carlina vulgaris,0,0,0
prat,Carlina vulgaris,0,0,0
soro,Carlina vulgaris,0,0,0
wurf,Carlina vulgaris,0,0,0
bss,Carum carvi,0,0,0
hort,Carum carvi,0,0,0
humi,Carum carvi,0,0,0
hypn,Carum carvi,0,0,0
jone,Carum carvi,0,0,0
lapi,Carum carvi,0,0,0
mend,Carum carvi,0,0,0
mont,Carum carvi,0,0,0
pasc,Carum carvi,0,0,0
prat,Carum carvi,0,0,0
psit,Carum carvi,0,0,0
soro,Carum carvi,0,0,0
wurf,Carum carvi,0,0,0
gers,Centaurea jacea,0,0,0
humi,Centaurea jacea,0,0,0
jone,Centaurea jacea,0,0,0
mend,Centaurea jacea,0,0,0
mont,Centaurea jacea,0,0,0
pyre,Centaurea jacea,0,0,0
jone,Centaurea scabiosa,0,0,0
lapi,Centaurea scabiosa,0,0,0
pasc,Centaurea scabiosa,0,0,0
gers,Chaerophyllum hirsutum,0,0,0
humi,Chaerophyllum hirsutum,0,0,0
jone,Chaerophyllum hirsutum,0,0,0
lapi,Chaerophyllum hirsutum,0,0,0
mend,Chaerophyllum hirsutum,0,0,0
mont,Chaerophyllum hirsutum,0,0,0
muci,Chaerophyllum hirsutum,0,0,0
pyre,Chaerophyllum hirsutum,0,0,0
soro,Chaerophyllum hirsutum,0,0,0
wurf,Chaerophyllum hirsutum,0,0,0
hort,Chrysosplenium alternifolium,0,0,0
humi,Chrysosplenium alternifolium,0,0,0
mont,Chrysosplenium alternifolium,0,0,0
pasc,Chrysosplenium alternifolium,0,0,0
psit,Chrysosplenium alternifolium,0,0,0
soro,Chrysosplenium alternifolium,0,0,0
wurf,Chrysosplenium alternifolium,0,0,0
bss,Cirsium arvense,0,0,0
gers,Cirsium arvense,0,0,0
hort,Cirsium arvense,0,0,0
humi,Cirsium arvense,0,0,0
hypn,Cirsium arvense,0,0,0
jone,Cirsium arvense,0,0,0
lapi,Cirsium arvense,0,0,0
mont,Cirsium arvense,0,0,0
wurf,Cirsium arvense,0,0,0
bss,Cirsium oleraceum,0,0,0
hort,Cirsium oleraceum,0,0,0
jone,Cirsium oleraceum,0,0,0
lapi,Cirsium oleraceum,0,0,0
prat,Cirsium oleraceum,0,0,0
psit,Cirsium oleraceum,0,0,0
soro,Cirsium oleraceum,0,0,0
wurf,Cirsium oleraceum,0,0,0
bss,Cirsium palustre,0,0,0
gers,Cirsium palustre,0,0,0
hort,Cirsium palustre,0,0,0
hypn,Cirsium palustre,0,0,0
jone,Cirsium palustre,0,0,0
lapi,Cirsium palustre,0,0,0
pasc,Cirsium palustre,0,0,0
soro,Cirsium palustre,0,0,0
wurf,Cirsium palustre,0,0,0
jone,Cirsium spinosissimum,0,0,0
mend,Cirsium spinosissimum,0,0,0
mont,Cirsium spinosissimum,0,0,0
muci,Cirsium spinosissimum,0,0,0
pasc,Cirsium spinosissimum,0,0,0
prat,Cirsium spinosissimum,0,0,0
wurf,Cirsium spinosissimum,0,0,0
bss,Cirsium vulgare,0,0,0
gers,Cirsium vulgare,0,0,0
hort,Cirsium vulgare,0,0,0
hypn,Cirsium vulgare,0,0,0
lapi,Cirsium vulgare,0,0,0
prat,Cirsium vulgare,0,0,0
wurf,Cirsium vulgare,0,0,0
gers,Clinopodium vulgare,0,0,0
hort,Clinopodium vulgare,0,0,0
hypn,Clinopodium vulgare,0,0,0
jone,Clinopodium vulgare,0,0,0
lapi,Clinopodium vulgare,0,0,0
mend,Clinopodium vulgare,0,0,0
mont,Clinopodium vulgare,0,0,0
muci,Clinopodium vulgare,0,0,0
psit,Clinopodium vulgare,0,0,0
pyre,Clinopodium vulgare,0,0,0
gers,Crepis aurea,0,0,0
hort,Crepis aurea,0,0,0
hypn,Crepis aurea,0,0,0
jone,Crepis aurea,0,0,0
mend,Crepis aurea,0,0,0
muci,Crepis aurea,0,0,0
pasc,Crepis aurea,0,0,0
prat,Crepis aurea,0,0,0
pyre,Crepis aurea,0,0,0
wurf,Crepis aurea,0,0,0
bss,Crepis biennis,0,0,0
hort,Crepis biennis,0,0,0
humi,Crepis biennis,0,0,0
hypn,Crepis biennis,0,0,0
jone,Crepis biennis,0,0,0
mont,Crepis biennis,0,0,0
pasc,Crepis biennis,0,0,0
prat,Crepis biennis,0,0,0
soro,Crepis biennis,0,0,0
wurf,Crepis biennis,0,0,0
hort,Crepis terglouensis,0,0,0
jone,Crepis terglouensis,0,0,0
mend,Crepis terglouensis,0,0,0
mont,Crepis terglouensis,0,0,0
prat,Crepis terglouensis,0,0,0
pyre,Crepis terglouensis,0,0,0
soro,Crepis terglouensis,0,0,0
wurf,Crepis terglouensis,0,0,0
hort,Crocus albiflorus,0,0,0
psit,Crocus albiflorus,0,0,0
soro,Crocus albiflorus,0,0,0
wurf,Crocus albiflorus,0,0,0
gers,Dactylorhiza maculata,0,0,0
humi,Dactylorhiza maculata,0,0,0
hypn,Dactylorhiza maculata,0,0,0
jone,Dactylorhiza maculata,0,0,0
lapi,Dactylorhiza maculata,0,0,0
mend,Dactylorhiza maculata,0,0,0
mont,Dactylorhiza maculata,0,0,0
muci,Dactylorhiza maculata,0,0,0
psit,Dactylorhiza maculata,0,0,0
pyre,Dactylorhiza maculata,0,0,0
soro,Dactylorhiza maculata,0,0,0
bss,Daphne mezereum,0,0,0
hort,Daphne mezereum,0,0,0
humi,Daphne mezereum,0,0,0
hypn,Daphne mezereum,0,0,0
jone,Daphne mezereum,0,0,0
lapi,Daphne mezereum,0,0,0
mont,Daphne mezereum,0,0,0
prat,Daphne mezereum,0,0,0
psit,Daphne mezereum,0,0,0
pyre,Daphne mezereum,0,0,0
soro,Daphne mezereum,0,0,0
wurf,Daphne mezereum,0,0,0
lapi,Dryas octopetala,0,0,0
mend,Dryas octopetala,0,0,0
muci,Dryas octopetala,0,0,0
psit,Dryas octopetala,0,0,0
gers,Epilobium montanum,0,0,0
hort,Epilobium montanum,0,0,0
humi,Epilobium montanum,0,0,0
hypn,Epilobium montanum,0,0,0
jone,Epilobium montanum,0,0,0
lapi,Epilobium montanum,0,0,0
mend,Epilobium montanum,0,0,0
mont,Epilobium montanum,0,0,0
muci,Epilobium montanum,0,0,0
pasc,Epilobium montanum,0,0,0
prat,Epilobium montanum,0,0,0
psit,Epilobium montanum,0,0,0
pyre,Epilobium montanum,0,0,0
soro,Epilobium montanum,0,0,0
wurf,Epilobium montanum,0,0,0
hort,Erica carnea,0,0,0
bss,Euphorbia cyparissias,0,0,0
hort,Euphorbia cyparissias,0,0,0
humi,Euphorbia cyparissias,0,0,0
hypn,Euphorbia cyparissias,0,0,0
jone,Euphorbia cyparissias,0,0,0
lapi,Euphorbia cyparissias,0,0,0
mont,Euphorbia cyparissias,0,0,0
muci,Euphorbia cyparissias,0,0,0
pasc,Euphorbia cyparissias,0,0,0
prat,Euphorbia cyparissias,0,0,0
psit,Euphorbia cyparissias,0,0,0
soro,Euphorbia cyparissias,0,0,0
wurf,Euphorbia cyparissias,0,0,0
bss,Euphrasia picta,0,0,0
hort,Euphrasia picta,0,0,0
jone,Euphrasia picta,0,0,0
lapi,Euphrasia picta,0,0,0
mend,Euphrasia picta,0,0,0
mont,Euphrasia picta,0,0,0
muci,Euphrasia picta,0,0,0
pasc,Euphrasia picta,0,0,0
prat,Euphrasia picta,0,0,0
psit,Euphrasia picta,0,0,0
pyre,Euphrasia picta,0,0,0
soro,Euphrasia picta,0,0,0
wurf,Euphrasia picta,0,0,0
gers,Euphrasia rostkoviana,0,0,0
hort,Euphrasia rostkoviana,0,0,0
hypn,Euphrasia rostkoviana,0,0,0
jone,Euphrasia rostkoviana,0,0,0
lapi,Euphrasia rostkoviana,0,0,0
mend,Euphrasia rostkoviana,0,0,0
mont,Euphrasia rostkoviana,0,0,0
muci,Euphrasia rostkoviana,0,0,0
psit,Euphrasia rostkoviana,0,0,0
pyre,Euphrasia rostkoviana,0,0,0
wurf,Euphrasia rostkoviana,0,0,0
bss,Fragaria vesca,0,0,0
gers,Fragaria vesca,0,0,0
hort,Fragaria vesca,0,0,0
humi,Fragaria vesca,0,0,0
hypn,Fragaria vesca,0,0,0
jone,Fragaria vesca,0,0,0
lapi,Fragaria vesca,0,0,0
mend,Fragaria vesca,0,0,0
mont,Fragaria vesca,0,0,0
muci,Fragaria vesca,0,0,0
pasc,Fragaria vesca,0,0,0
prat,Fragaria vesca,0,0,0
pyre,Fragaria vesca,0,0,0
soro,Fragaria vesca,0,0,0
wurf,Fragaria vesca,0,0,0
bss,Galeopsis tetrahit,0,0,0
gers,Galeopsis tetrahit,0,0,0
hypn,Galeopsis tetrahit,0,0,0
jone,Galeopsis tetrahit,0,0,0
lapi,Galeopsis tetrahit,0,0,0
mont,Galeopsis tetrahit,0,0,0
prat,Galeopsis tetrahit,0,0,0
psit,Galeopsis tetrahit,0,0,0
soro,Galeopsis tetrahit,0,0,0
wurf,Galeopsis tetrahit,0,0,0
gers,Galium anisophyllon,0,0,0
hort,Galium anisophyllon,0,0,0
humi,Galium anisophyllon,0,0,0
hypn,Galium anisophyllon,0,0,0
jone,Galium anisophyllon,0,0,0
lapi,Galium anisophyllon,0,0,0
mend,Galium anisophyllon,0,0,0
mont,Galium anisophyllon,0,0,0
muci,Galium anisophyllon,0,0,0
pasc,Galium anisophyllon,0,0,0
prat,Galium anisophyllon,0,0,0
psit,Galium anisophyllon,0,0,0
pyre,Galium anisophyllon,0,0,0
soro,Galium anisophyllon,0,0,0
wurf,Galium anisophyllon,0,0,0
jone,Gentiana asclepiadea,0,0,0
lapi,Gentiana asclepiadea,0,0,0
mend,Gentiana asclepiadea,0,0,0
muci,Gentiana asclepiadea,0,0,0
psit,Gentiana asclepiadea,0,0,0
pyre,Gentiana asclepiadea,0,0,0
gers,Gentiana aspera,0,0,0
hypn,Gentiana aspera,0,0,0
jone,Gentiana aspera,0,0,0
lapi,Gentiana aspera,0,0,0
muci,Gentiana aspera,0,0,0
prat,Gentiana aspera,0,0,0
psit,Gentiana aspera,0,0,0
bss,Gentiana ciliata,0,0,0
gers,Gentiana ciliata,0,0,0
hort,Gentiana ciliata,0,0,0
hypn,Gentiana ciliata,0,0,0
jone,Gentiana ciliata,0,0,0
lapi,Gentiana ciliata,0,0,0
mend,Gentiana ciliata,0,0,0
mont,Gentiana ciliata,0,0,0
pasc,Gentiana ciliata,0,0,0
prat,Gentiana ciliata,0,0,0
psit,Gentiana ciliata,0,0,0
pyre,Gentiana ciliata,0,0,0
soro,Gentiana ciliata,0,0,0
hypn,Gentiana clusii,0,0,0
jone,Gentiana clusii,0,0,0
lapi,Gentiana clusii,0,0,0
mend,Gentiana clusii,0,0,0
mont,Gentiana clusii,0,0,0
muci,Gentiana clusii,0,0,0
psit,Gentiana clusii,0,0,0
pyre,Gentiana clusii,0,0,0
gers,Gentiana pannonica,0,0,0
hypn,Gentiana pannonica,0,0,0
jone,Gentiana pannonica,0,0,0
lapi,Gentiana pannonica,0,0,0
mend,Gentiana pannonica,0,0,0
mont,Gentiana pannonica,0,0,0
muci,Gentiana pannonica,0,0,0
psit,Gentiana pannonica,0,0,0
pyre,Gentiana pannonica,0,0,0
wurf,Gentiana pannonica,0,0,0
humi,Gentiana verna,0,0,0
hypn,Gentiana verna,0,0,0
jone,Gentiana verna,0,0,0
lapi,Gentiana verna,0,0,0
mend,Gentiana verna,0,0,0
muci,Gentiana verna,0,0,0
pyre,Gentiana verna,0,0,0
soro,Gentiana verna,0,0,0
bss,Geranium robertianum,0,0,0
gers,Geranium robertianum,0,0,0
hort,Geranium robertianum,0,0,0
hypn,Geranium robertianum,0,0,0
jone,Geranium robertianum,0,0,0
lapi,Geranium robertianum,0,0,0
prat,Geranium robertianum,0,0,0
psit,Geranium robertianum,0,0,0
soro,Geranium robertianum,0,0,0
wurf,Geranium robertianum,0,0,0
gers,Geranium sylvaticum,0,0,0
humi,Geranium sylvaticum,0,0,0
hypn,Geranium sylvaticum,0,0,0
lapi,Geranium sylvaticum,0,0,0
gers,Geum rivale,0,0,0
humi,Geum rivale,0,0,0
hypn,Geum rivale,0,0,0
lapi,Geum rivale,0,0,0
mend,Geum rivale,0,0,0
bss,Globularia cordifolia,0,0,0
hort,Globularia cordifolia,0,0,0
hypn,Globularia cordifolia,0,0,0
jone,Globularia cordifolia,0,0,0
lapi,Globularia cordifolia,0,0,0
mend,Globularia cordifolia,0,0,0
mont,Globularia cordifolia,0,0,0
muci,Globularia cordifolia,0,0,0
pasc,Globularia cordifolia,0,0,0
prat,Globularia cordifolia,0,0,0
psit,Globularia cordifolia,0,0,0
pyre,Globularia cordifolia,0,0,0
soro,Globularia cordifolia,0,0,0
hort,Globularia nudicaulis,0,0,0
hypn,Globularia nudicaulis,0,0,0
jone,Globularia nudicaulis,0,0,0
pasc,Globularia nudicaulis,0,0,0
prat,Globularia nudicaulis,0,0,0
soro,Globularia nudicaulis,0,0,0
jone,Hedysarum hedysaroides,0,0,0
prat,Hedysarum hedysaroides,0,0,0
psit,Hedysarum hedysaroides,0,0,0
pyre,Hedysarum hedysaroides,0,0,0
soro,Hedysarum hedysaroides,0,0,0
jone,Helianthemum alpestre,0,0,0
mend,Helianthemum alpestre,0,0,0
mont,Helianthemum alpestre,0,0,0
pasc,Helianthemum alpestre,0,0,0
prat,Helianthemum alpestre,0,0,0
psit,Helianthemum alpestre,0,0,0
pyre,Helianthemum alpestre,0,0,0
soro,Helianthemum alpestre,0,0,0
wurf,Helianthemum alpestre,0,0,0
gers,Helianthemum nummularium,0,0,0
hort,Helianthemum nummularium,0,0,0
mend,Helianthemum nummularium,0,0,0
muci,Helianthemum nummularium,0,0,0
psit,Helianthemum nummularium,0,0,0
pyre,Helianthemum nummularium,0,0,0
soro,Helianthemum nummularium,0,0,0
jone,Helleborus niger,0,0,0
psit,Helleborus niger,0,0,0
soro,Helleborus niger,0,0,0
wurf,Helleborus niger,0,0,0
bss,Hepatica nobilis,0,0,0
hort,Hepatica nobilis,0,0,0
jone,Hepatica nobilis,0,0,0
pasc,Hepatica nobilis,0,0,0
prat,Hepatica nobilis,0,0,0
psit,Hepatica nobilis,0,0,0
hort,Heracleum sphondylium,0,0,0
hypn,Heracleum sphondylium,0,0,0
jone,Heracleum sphondylium,0,0,0
lapi,Heracleum sphondylium,0,0,0
mend,Heracleum sphondylium,0,0,0
muci,Heracleum sphondylium,0,0,0
pasc,Heracleum sphondylium,0,0,0
prat,Heracleum sphondylium,0,0,0
psit,Heracleum sphondylium,0,0,0
pyre,Heracleum sphondylium,0,0,0
soro,Heracleum sphondylium,0,0,0
wurf,Heracleum sphondylium,0,0,0
gers,Hieracium murorum,0,0,0
hort,Hieracium murorum,0,0,0
humi,Hieracium murorum,0,0,0
hypn,Hieracium murorum,0,0,0
lapi,Hieracium murorum,0,0,0
mend,Hieracium murorum,0,0,0
muci,Hieracium murorum,0,0,0
pasc,Hieracium murorum,0,0,0
prat,Hieracium murorum,0,0,0
psit,Hieracium murorum,0,0,0
pyre,Hieracium murorum,0,0,0
soro,Hieracium murorum,0,0,0
wurf,Hieracium murorum,0,0,0
bss,Hieracium villosum,0,0,0
gers,Hieracium villosum,0,0,0
hort,Hieracium villosum,0,0,0
humi,Hieracium villosum,0,0,0
hypn,Hieracium villosum,0,0,0
jone,Hieracium villosum,0,0,0
lapi,Hieracium villosum,0,0,0
mend,Hieracium villosum,0,0,0
mont,Hieracium villosum,0,0,0
muci,Hieracium villosum,0,0,0
pasc,Hieracium villosum,0,0,0
prat,Hieracium villosum,0,0,0
psit,Hieracium villosum,0,0,0
soro,Hieracium villosum,0,0,0
wurf,Hieracium villosum,0,0,0
humi,Hippocrepis comosa,0,0,0
lapi,Hippocrepis comosa,0,0,0
mend,Hippocrepis comosa,0,0,0
muci,Hippocrepis comosa,0,0,0
prat,Hippocrepis comosa,0,0,0
psit,Hippocrepis comosa,0,0,0
pyre,Hippocrepis comosa,0,0,0
gers,Hypericum maculatum,0,0,0
humi,Hypericum maculatum,0,0,0
jone,Hypericum maculatum,0,0,0
lapi,Hypericum maculatum,0,0,0
mend,Hypericum maculatum,0,0,0
mont,Hypericum maculatum,0,0,0
muci,Hypericum maculatum,0,0,0
pyre,Hypericum maculatum,0,0,0
bss,Impatiens noli-tangere,0,0,0
hypn,Impatiens noli-tangere,0,0,0
pasc,Impatiens noli-tangere,0,0,0
prat,Impatiens noli-tangere,0,0,0
psit,Impatiens noli-tangere,0,0,0
soro,Impatiens noli-tangere,0,0,0
wurf,Impatiens noli-tangere,0,0,0
hypn,Knautia arvensis,0,0,0
mend,Knautia arvensis,0,0,0
mont,Knautia arvensis,0,0,0
pyre,Knautia arvensis,0,0,0
gers,Knautia dipsacifolia,0,0,0
hort,Knautia dipsacifolia,0,0,0
hypn,Knautia dipsacifolia,0,0,0
jone,Knautia dipsacifolia,0,0,0
lapi,Knautia dipsacifolia,0,0,0
mend,Knautia dipsacifolia,0,0,0
mont,Knautia dipsacifolia,0,0,0
wurf,Knautia dipsacifolia,0,0,0
bss,Lamium galeobdolon,0,0,0
gers,Lamium galeobdolon,0,0,0
hort,Lamium galeobdolon,0,0,0
hypn,Lamium galeobdolon,0,0,0
jone,Lamium galeobdolon,0,0,0
lapi,Lamium galeobdolon,0,0,0
mend,Lamium galeobdolon,0,0,0
mont,Lamium galeobdolon,0,0,0
muci,Lamium galeobdolon,0,0,0
psit,Lamium galeobdolon,0,0,0
pyre,Lamium galeobdolon,0,0,0
wurf,Lamium galeobdolon,0,0,0
bss,Lamium maculatum,0,0,0
hort,Lamium maculatum,0,0,0
jone,Lamium maculatum,0,0,0
mont,Lamium maculatum,0,0,0
pasc,Lamium maculatum,0,0,0
prat,Lamium maculatum,0,0,0
soro,Lamium maculatum,0,0,0
hort,Lathyrus pratensis,0,0,0
hypn,Lathyrus pratensis,0,0,0
jone,Lathyrus pratensis,0,0,0
lapi,Lathyrus pratensis,0,0,0
prat,Lathyrus pratensis,0,0,0
psit,Lathyrus pratensis,0,0,0
soro,Lathyrus pratensis,0,0,0
gers,Leontodon hispidus,0,0,0
hort,Leontodon hispidus,0,0,0
humi,Leontodon hispidus,0,0,0
hypn,Leontodon hispidus,0,0,0
jone,Leontodon hispidus,0,0,0
mend,Leontodon hispidus,0,0,0
muci,Leontodon hispidus,0,0,0
pyre,Leontodon hispidus,0,0,0
wurf,Leontodon hispidus,0,0,0
gers,Leucanthemum vulgare,0,0,0
hort,Leucanthemum vulgare,0,0,0
humi,Leucanthemum vulgare,0,0,0
hypn,Leucanthemum vulgare,0,0,0
jone,Leucanthemum vulgare,0,0,0
lapi,Leucanthemum vulgare,0,0,0
mend,Leucanthemum vulgare,0,0,0
mont,Leucanthemum vulgare,0,0,0
muci,Leucanthemum vulgare,0,0,0
prat,Leucanthemum vulgare,0,0,0
psit,Leucanthemum vulgare,0,0,0
pyre,Leucanthemum vulgare,0,0,0
soro,Leucanthemum vulgare,0,0,0
wurf,Leucanthemum vulgare,0,0,0
gers,Lilium martagon,0,0,0
hort,Lilium martagon,0,0,0
hypn,Lilium martagon,0,0,0
jone,Lilium martagon,0,0,0
lapi,Lilium martagon,0,0,0
mend,Lilium martagon,0,0,0
mont,Lilium martagon,0,0,0
muci,Lilium martagon,0,0,0
pasc,Lilium martagon,0,0,0
prat,Lilium martagon,0,0,0
psit,Lilium martagon,0,0,0
pyre,Lilium martagon,0,0,0
soro,Lilium martagon,0,0,0
wurf,Lilium martagon,0,0,0
bss,Linaria alpina,0,0,0
hort,Linaria alpina,0,0,0
mont,Linaria alpina,0,0,0
prat,Linaria alpina,0,0,0
pyre,Linaria alpina,0,0,0
soro,Linaria alpina,0,0,0
wurf,Linaria alpina,0,0,0
gers,Lotus corniculatus,0,0,0
humi,Lotus corniculatus,0,0,0
hypn,Lotus corniculatus,0,0,0
jone,Lotus corniculatus,0,0,0
hort,Lysimachia nemorum,0,0,0
humi,Lysimachia nemorum,0,0,0
hypn,Lysimachia nemorum,0,0,0
jone,Lysimachia nemorum,0,0,0
lapi,Lysimachia nemorum,0,0,0
mend,Lysimachia nemorum,0,0,0
mont,Lysimachia nemorum,0,0,0
muci,Lysimachia nemorum,0,0,0
prat,Lysimachia nemorum,0,0,0
psit,Lysimachia nemorum,0,0,0
pyre,Lysimachia nemorum,0,0,0
wurf,Lysimachia nemorum,0,0,0
bss,Medicago lupulina,0,0,0
hort,Medicago lupulina,0,0,0
humi,Medicago lupulina,0,0,0
hypn,Medicago lupulina,0,0,0
jone,Medicago lupulina,0,0,0
lapi,Medicago lupulina,0,0,0
mend,Medicago lupulina,0,0,0
mont,Medicago lupulina,0,0,0
muci,Medicago lupulina,0,0,0
pasc,Medicago lupulina,0,0,0
prat,Medicago lupulina,0,0,0
psit,Medicago lupulina,0,0,0
pyre,Medicago lupulina,0,0,0
soro,Medicago lupulina,0,0,0
wurf,Medicago lupulina,0,0,0
bss,Melampyrum sylvaticum,0,0,0
hypn,Melampyrum sylvaticum,0,0,0
jone,Melampyrum sylvaticum,0,0,0
lapi,Melampyrum sylvaticum,0,0,0
mend,Melampyrum sylvaticum,0,0,0
mont,Melampyrum sylvaticum,0,0,0
pasc,Melampyrum sylvaticum,0,0,0
prat,Melampyrum sylvaticum,0,0,0
psit,Melampyrum sylvaticum,0,0,0
pyre,Melampyrum sylvaticum,0,0,0
soro,Melampyrum sylvaticum,0,0,0
wurf,Melampyrum sylvaticum,0,0,0
gers,Mentha longifolia,0,0,0
hort,Mentha longifolia,0,0,0
hypn,Mentha longifolia,0,0,0
mend,Mentha longifolia,0,0,0
pasc,Mentha longifolia,0,0,0
prat,Mentha longifolia,0,0,0
psit,Mentha longifolia,0,0,0
pyre,Mentha longifolia,0,0,0
soro,Mentha longifolia,0,0,0
wurf,Mentha longifolia,0,0,0
gers,Myosotis alpestris,0,0,0
hort,Myosotis alpestris,0,0,0
hypn,Myosotis alpestris,0,0,0
lapi,Myosotis alpestris,0,0,0
mend,Myosotis alpestris,0,0,0
muci,Myosotis alpestris,0,0,0
pasc,Myosotis alpestris,0,0,0
pyre,Myosotis alpestris,0,0,0
wurf,Myosotis alpestris,0,0,0
bss,Myosotis sylvatica,0,0,0
hort,Myosotis sylvatica,0,0,0
humi,Myosotis sylvatica,0,0,0
jone,Myosotis sylvatica,0,0,0
lapi,Myosotis sylvatica,0,0,0
mont,Myosotis sylvatica,0,0,0
pasc,Myosotis sylvatica,0,0,0
prat,Myosotis sylvatica,0,0,0
psit,Myosotis sylvatica,0,0,0
soro,Myosotis sylvatica,0,0,0
wurf,Myosotis sylvatica,0,0,0
gers,Origanum vulgare,0,0,0
jone,Origanum vulgare,0,0,0
mend,Origanum vulgare,0,0,0
mont,Origanum vulgare,0,0,0
muci,Origanum vulgare,0,0,0
pyre,Origanum vulgare,0,0,0
bss,Pedicularis rostratospicata,0,0,0
hort,Pedicularis rostratospicata,0,0,0
mont,Pedicularis rostratospicata,0,0,0
pasc,Pedicularis rostratospicata,0,0,0
wurf,Pedicularis rostratospicata,0,0,0
hort,Petasites albus,0,0,0
jone,Petasites albus,0,0,0
mont,Petasites albus,0,0,0
gers,Phyteuma orbiculare,0,0,0
hypn,Phyteuma orbiculare,0,0,0
mend,Phyteuma orbiculare,0,0,0
muci,Phyteuma orbiculare,0,0,0
pasc,Phyteuma orbiculare,0,0,0
bss,Phyteuma spicatum,0,0,0
hort,Phyteuma spicatum,0,0,0
humi,Phyteuma spicatum,0,0,0
hypn,Phyteuma spicatum,0,0,0
jone,Phyteuma spicatum,0,0,0
lapi,Phyteuma spicatum,0,0,0
mont,Phyteuma spicatum,0,0,0
pasc,Phyteuma spicatum,0,0,0
prat,Phyteuma spicatum,0,0,0
psit,Phyteuma spicatum,0,0,0
pyre,Phyteuma spicatum,0,0,0
gers,Plantago lanceolata,0,0,0
humi,Plantago lanceolata,0,0,0
hypn,Plantago lanceolata,0,0,0
jone,Plantago lanceolata,0,0,0
lapi,Plantago lanceolata,0,0,0
mend,Plantago lanceolata,0,0,0
mont,Plantago lanceolata,0,0,0
muci,Plantago lanceolata,0,0,0
pasc,Plantago lanceolata,0,0,0
psit,Plantago lanceolata,0,0,0
pyre,Plantago lanceolata,0,0,0
soro,Plantago lanceolata,0,0,0
gers,Plantago media,0,0,0
hort,Plantago media,0,0,0
humi,Plantago media,0,0,0
lapi,Plantago media,0,0,0
mend,Plantago media,0,0,0
mont,Plantago media,0,0,0
muci,Plantago media,0,0,0
psit,Plantago media,0,0,0
pyre,Plantago media,0,0,0
soro,Plantago media,0,0,0
wurf,Plantago media,0,0,0
gers,Polygala alpestris,0,0,0
hort,Polygala alpestris,0,0,0
humi,Polygala alpestris,0,0,0
hypn,Polygala alpestris,0,0,0
jone,Polygala alpestris,0,0,0
lapi,Polygala alpestris,0,0,0
mend,Polygala alpestris,0,0,0
muci,Polygala alpestris,0,0,0
pasc,Polygala alpestris,0,0,0
prat,Polygala alpestris,0,0,0
pyre,Polygala alpestris,0,0,0
soro,Polygala alpestris,0,0,0
wurf,Polygala alpestris,0,0,0
bss,Polygala amara,0,0,0
humi,Polygala amara,0,0,0
hypn,Polygala amara,0,0,0
jone,Polygala amara,0,0,0
lapi,Polygala amara,0,0,0
mend,Polygala amara,0,0,0
mont,Polygala amara,0,0,0
muci,Polygala amara,0,0,0
prat,Polygala amara,0,0,0
pyre,Polygala amara,0,0,0
soro,Polygala amara,0,0,0
wurf,Polygala amara,0,0,0
humi,Polygala chamaebuxus,0,0,0
hypn,Polygala chamaebuxus,0,0,0
jone,Polygala chamaebuxus,0,0,0
lapi,Polygala chamaebuxus,0,0,0
mend,Polygala chamaebuxus,0,0,0
mont,Polygala chamaebuxus,0,0,0
pyre,Polygala chamaebuxus,0,0,0
bss,Polygonatum verticillatum,0,0,0
hort,Polygonatum verticillatum,0,0,0
humi,Polygonatum verticillatum,0,0,0
hypn,Polygonatum verticillatum,0,0,0
jone,Polygonatum verticillatum,0,0,0
lapi,Polygonatum verticillatum,0,0,0
mont,Polygonatum verticillatum,0,0,0
muci,Polygonatum verticillatum,0,0,0
pasc,Polygonatum verticillatum,0,0,0
psit,Polygonatum verticillatum,0,0,0
pyre,Polygonatum verticillatum,0,0,0
soro,Polygonatum verticillatum,0,0,0
hort,Potentilla aurea,0,0,0
humi,Potentilla aurea,0,0,0
hypn,Potentilla aurea,0,0,0
jone,Potentilla aurea,0,0,0
lapi,Potentilla aurea,0,0,0
mend,Potentilla aurea,0,0,0
mont,Potentilla aurea,0,0,0
muci,Potentilla aurea,0,0,0
pasc,Potentilla aurea,0,0,0
prat,Potentilla aurea,0,0,0
psit,Potentilla aurea,0,0,0
pyre,Potentilla aurea,0,0,0
soro,Potentilla aurea,0,0,0
wurf,Potentilla aurea,0,0,0
bss,Potentilla brauneana,0,0,0
hort,Potentilla brauneana,0,0,0
lapi,Potentilla brauneana,0,0,0
mend,Potentilla brauneana,0,0,0
pasc,Potentilla brauneana,0,0,0
prat,Potentilla brauneana,0,0,0
psit,Potentilla brauneana,0,0,0
soro,Potentilla brauneana,0,0,0
wurf,Potentilla brauneana,0,0,0
gers,Potentilla erecta,0,0,0
hort,Potentilla erecta,0,0,0
humi,Potentilla erecta,0,0,0
hypn,Potentilla erecta,0,0,0
lapi,Potentilla erecta,0,0,0
mend,Potentilla erecta,0,0,0
muci,Potentilla erecta,0,0,0
psit,Potentilla erecta,0,0,0
pyre,Potentilla erecta,0,0,0
humi,Primula elatior,0,0,0
hypn,Primula elatior,0,0,0
jone,Primula elatior,0,0,0
mont,Primula elatior,0,0,0
psit,Primula elatior,0,0,0
soro,Primula elatior,0,0,0
bss,Primula farinosa,0,0,0
hort,Primula farinosa,0,0,0
hypn,Primula farinosa,0,0,0
jone,Primula farinosa,0,0,0
lapi,Primula farinosa,0,0,0
mont,Primula farinosa,0,0,0
muci,Primula farinosa,0,0,0
pasc,Primula farinosa,0,0,0
prat,Primula farinosa,0,0,0
psit,Primula farinosa,0,0,0
soro,Primula farinosa,0,0,0
bss,Primula minima,0,0,0
hort,Primula minima,0,0,0
mend,Primula minima,0,0,0
prat,Primula minima,0,0,0
pyre,Primula minima,0,0,0
soro,Primula minima,0,0,0
wurf,Primula minima,0,0,0
bss,Primula veris,0,0,0
jone,Primula veris,0,0,0
muci,Primula veris,0,0,0
prat,Primula veris,0,0,0
psit,Primula veris,0,0,0
soro,Primula veris,0,0,0
gers,Prunella vulgaris,0,0,0
gers,Ranunculus acris,0,0,0
hort,Ranunculus acris,0,0,0
humi,Ranunculus acris,0,0,0
hypn,Ranunculus acris,0,0,0
jone,Ranunculus acris,0,0,0
lapi,Ranunculus acris,0,0,0
mont,Ranunculus acris,0,0,0
muci,Ranunculus acris,0,0,0
prat,Ranunculus acris,0,0,0
pyre,Ranunculus acris,0,0,0
soro,Ranunculus acris,0,0,0
bss,Ranunculus alpestris,0,0,0
hort,Ranunculus alpestris,0,0,0
jone,Ranunculus alpestris,0,0,0
lapi,Ranunculus alpestris,0,0,0
mend,Ranunculus alpestris,0,0,0
mont,Ranunculus alpestris,0,0,0
muci,Ranunculus alpestris,0,0,0
pasc,Ranunculus alpestris,0,0,0
prat,Ranunculus alpestris,0,0,0
psit,Ranunculus alpestris,0,0,0
pyre,Ranunculus alpestris,0,0,0
soro,Ranunculus alpestris,0,0,0
wurf,Ranunculus alpestris,0,0,0
gers,Ranunculus montanus,0,0,0
hort,Ranunculus montanus,0,0,0
humi,Ranunculus montanus,0,0,0
hypn,Ranunculus montanus,0,0,0
jone,Ranunculus montanus,0,0,0
lapi,Ranunculus montanus,0,0,0
mend,Ranunculus montanus,0,0,0
muci,Ranunculus montanus,0,0,0
pasc,Ranunculus montanus,0,0,0
pyre,Ranunculus montanus,0,0,0
soro,Ranunculus montanus,0,0,0
gers,Ranunculus nemorosus,0,0,0
hort,Ranunculus nemorosus,0,0,0
humi,Ranunculus nemorosus,0,0,0
hypn,Ranunculus nemorosus,0,0,0
jone,Ranunculus nemorosus,0,0,0
lapi,Ranunculus nemorosus,0,0,0
mend,Ranunculus nemorosus,0,0,0
mont,Ranunculus nemorosus,0,0,0
muci,Ranunculus nemorosus,0,0,0
prat,Ranunculus nemorosus,0,0,0
psit,Ranunculus nemorosus,0,0,0
pyre,Ranunculus nemorosus,0,0,0
soro,Ranunculus nemorosus,0,0,0
wurf,Ranunculus nemorosus,0,0,0
hort,Ranunculus repens,0,0,0
humi,Ranunculus repens,0,0,0
hypn,Ranunculus repens,0,0,0
jone,Ranunculus repens,0,0,0
lapi,Ranunculus repens,0,0,0
mont,Ranunculus repens,0,0,0
muci,Ranunculus repens,0,0,0
pasc,Ranunculus repens,0,0,0
prat,Ranunculus repens,0,0,0
psit,Ranunculus repens,0,0,0
soro,Ranunculus repens,0,0,0
wurf,Ranunculus repens,0,0,0
humi,Rhinanthus alectorolophus,0,0,0
lapi,Rhinanthus alectorolophus,0,0,0
muci,Rhinanthus alectorolophus,0,0,0
psit,Rhinanthus alectorolophus,0,0,0
hypn,Rhinanthus glacialis,0,0,0
jone,Rhinanthus glacialis,0,0,0
psit,Rhinanthus glacialis,0,0,0
gers,Rhinanthus minor,0,0,0
humi,Rhinanthus minor,0,0,0
hypn,Rhinanthus minor,0,0,0
lapi,Rhinanthus minor,0,0,0
mend,Rhinanthus minor,0,0,0
mont,Rhinanthus minor,0,0,0
muci,Rhinanthus minor,0,0,0
psit,Rhinanthus minor,0,0,0
pyre,Rhinanthus minor,0,0,0
gers,Rhododendron hirsutum,0,0,0
lapi,Rhododendron hirsutum,0,0,0
muci,Rhododendron hirsutum,0,0,0
bss,Rhodothamnus chamaecistus,0,0,0
hort,Rhodothamnus chamaecistus,0,0,0
hypn,Rhodothamnus chamaecistus,0,0,0
jone,Rhodothamnus chamaecistus,0,0,0
lapi,Rhodothamnus chamaecistus,0,0,0
muci,Rhodothamnus chamaecistus,0,0,0
pasc,Rhodothamnus chamaecistus,0,0,0
prat,Rhodothamnus chamaecistus,0,0,0
pyre,Rhodothamnus chamaecistus,0,0,0
soro,Rhodothamnus chamaecistus,0,0,0
wurf,Rhodothamnus chamaecistus,0,0,0
gers,Rumex acetosa,0,0,0
hort,Rumex acetosa,0,0,0
humi,Rumex acetosa,0,0,0
hypn,Rumex acetosa,0,0,0
jone,Rumex acetosa,0,0,0
lapi,Rumex acetosa,0,0,0
mend,Rumex acetosa,0,0,0
mont,Rumex acetosa,0,0,0
muci,Rumex acetosa,0,0,0
prat,Rumex acetosa,0,0,0
psit,Rumex acetosa,0,0,0
pyre,Rumex acetosa,0,0,0
wurf,Rumex acetosa,0,0,0
gers,Rumex alpestris,0,0,0
hort,Rumex alpestris,0,0,0
hypn,Rumex alpestris,0,0,0
jone,Rumex alpestris,0,0,0
lapi,Rumex alpestris,0,0,0
mend,Rumex alpestris,0,0,0
mont,Rumex alpestris,0,0,0
muci,Rumex alpestris,0,0,0
pasc,Rumex alpestris,0,0,0
prat,Rumex alpestris,0,0,0
psit,Rumex alpestris,0,0,0
pyre,Rumex alpestris,0,0,0
soro,Rumex alpestris,0,0,0
wurf,Rumex alpestris,0,0,0
mont,Salix retusa,0,0,0
soro,Salix retusa,0,0,0
wurf,Salix retusa,0,0,0
jone,Salvia glutinosa,0,0,0
lapi,Salvia glutinosa,0,0,0
mont,Salvia glutinosa,0,0,0
soro,Salvia glutinosa,0,0,0
hort,Salvia verticillata,0,0,0
lapi,Salvia verticillata,0,0,0
prat,Salvia verticillata,0,0,0
psit,Salvia verticillata,0,0,0
wurf,Salvia verticillata,0,0,0
gers,Saxifraga aizoides,0,0,0
hort,Saxifraga aizoides,0,0,0
hypn,Saxifraga aizoides,0,0,0
jone,Saxifraga aizoides,0,0,0
lapi,Saxifraga aizoides,0,0,0
mend,Saxifraga aizoides,0,0,0
muci,Saxifraga aizoides,0,0,0
pasc,Saxifraga aizoides,0,0,0
psit,Saxifraga aizoides,0,0,0
soro,Saxifraga aizoides,0,0,0
wurf,Saxifraga aizoides,0,0,0
gers,Scabiosa lucida,0,0,0
hort,Scabiosa lucida,0,0,0
humi,Scabiosa lucida,0,0,0
hypn,Scabiosa lucida,0,0,0
lapi,Scabiosa lucida,0,0,0
mend,Scabiosa lucida,0,0,0
bss,Scrophularia nodosa,0,0,0
gers,Scrophularia nodosa,0,0,0
hort,Scrophularia nodosa,0,0,0
jone,Scrophularia nodosa,0,0,0
lapi,Scrophularia nodosa,0,0,0
psit,Scrophularia nodosa,0,0,0
soro,Scrophularia nodosa,0,0,0
wurf,Scrophularia nodosa,0,0,0
gers,Senecio abrotanifolius,0,0,0
hort,Senecio abrotanifolius,0,0,0
hypn,Senecio abrotanifolius,0,0,0
jone,Senecio abrotanifolius,0,0,0
lapi,Senecio abrotanifolius,0,0,0
mend,Senecio abrotanifolius,0,0,0
mont,Senecio abrotanifolius,0,0,0
muci,Senecio abrotanifolius,0,0,0
pasc,Senecio abrotanifolius,0,0,0
prat,Senecio abrotanifolius,0,0,0
pyre,Senecio abrotanifolius,0,0,0
soro,Senecio abrotanifolius,0,0,0
wurf,Senecio abrotanifolius,0,0,0
bss,Senecio ovatus,0,0,0
gers,Senecio ovatus,0,0,0
hort,Senecio ovatus,0,0,0
hypn,Senecio ovatus,0,0,0
jone,Senecio ovatus,0,0,0
lapi,Senecio ovatus,0,0,0
mend,Senecio ovatus,0,0,0
muci,Senecio ovatus,0,0,0
wurf,Senecio ovatus,0,0,0
jone,Silene acaulis,0,0,0
lapi,Silene acaulis,0,0,0
pasc,Silene acaulis,0,0,0
prat,Silene acaulis,0,0,0
pyre,Silene acaulis,0,0,0
wurf,Silene acaulis,0,0,0
gers,Silene dioica,0,0,0
humi,Silene dioica,0,0,0
hypn,Silene dioica,0,0,0
lapi,Silene dioica,0,0,0
mend,Silene dioica,0,0,0
mont,Silene dioica,0,0,0
muci,Silene dioica,0,0,0
pyre,Silene dioica,0,0,0
soro,Silene dioica,0,0,0
wurf,Silene dioica,0,0,0
bss,Silene flos-cuculi,0,0,0
hort,Silene flos-cuculi,0,0,0
humi,Silene flos-cuculi,0,0,0
hypn,Silene flos-cuculi,0,0,0
lapi,Silene flos-cuculi,0,0,0
mont,Silene flos-cuculi,0,0,0
prat,Silene flos-cuculi,0,0,0
psit,Silene flos-cuculi,0,0,0
wurf,Silene flos-cuculi,0,0,0
gers,Silene vulgaris,0,0,0
hort,Silene vulgaris,0,0,0
humi,Silene vulgaris,0,0,0
hypn,Silene vulgaris,0,0,0
jone,Silene vulgaris,0,0,0
lapi,Silene vulgaris,0,0,0
mend,Silene vulgaris,0,0,0
mont,Silene vulgaris,0,0,0
muci,Silene vulgaris,0,0,0
pasc,Silene vulgaris,0,0,0
prat,Silene vulgaris,0,0,0
psit,Silene vulgaris,0,0,0
humi,Soldanella alpina,0,0,0
hypn,Soldanella alpina,0,0,0
lapi,Soldanella alpina,0,0,0
mend,Soldanella alpina,0,0,0
muci,Soldanella alpina,0,0,0
pyre,Soldanella alpina,0,0,0
gers,Solidago virgaurea,0,0,0
hort,Solidago virgaurea,0,0,0
hypn,Solidago virgaurea,0,0,0
jone,Solidago virgaurea,0,0,0
lapi,Solidago virgaurea,0,0,0
mend,Solidago virgaurea,0,0,0
muci,Solidago virgaurea,0,0,0
pasc,Solidago virgaurea,0,0,0
psit,Solidago virgaurea,0,0,0
wurf,Solidago virgaurea,0,0,0
gers,Stachys alopecuros,0,0,0
jone,Stachys officinalis,0,0,0
prat,Stachys officinalis,0,0,0
soro,Stachys officinalis,0,0,0
wurf,Stachys officinalis,0,0,0
gers,Stachys sylvatica,0,0,0
hypn,Stachys sylvatica,0,0,0
jone,Stachys sylvatica,0,0,0
lapi,Stachys sylvatica,0,0,0
mend,Stachys sylvatica,0,0,0
prat,Stachys sylvatica,0,0,0
psit,Stachys sylvatica,0,0,0
soro,Stachys sylvatica,0,0,0
wurf,Stachys sylvatica,0,0,0
hort,Taraxacum officinale,0,0,0
hypn,Taraxacum officinale,0,0,0
jone,Taraxacum officinale,0,0,0
lapi,Taraxacum officinale,0,0,0
mont,Taraxacum officinale,0,0,0
muci,Taraxacum officinale,0,0,0
pyre,Taraxacum officinale,0,0,0
soro,Taraxacum officinale,0,0,0
wurf,Taraxacum officinale,0,0,0
psit,Teucrium chamaedrys,0,0,0
wurf,Teucrium chamaedrys,0,0,0
bss,Thalictrum aquilegiifolium,0,0,0
gers,Thalictrum aquilegiifolium,0,0,0
hort,Thalictrum aquilegiifolium,0,0,0
hypn,Thalictrum aquilegiifolium,0,0,0
jone,Thalictrum aquilegiifolium,0,0,0
lapi,Thalictrum aquilegiifolium,0,0,0
mend,Thalictrum aquilegiifolium,0,0,0
mont,Thalictrum aquilegiifolium,0,0,0
muci,Thalictrum aquilegiifolium,0,0,0
pasc,Thalictrum aquilegiifolium,0,0,0
prat,Thalictrum aquilegiifolium,0,0,0
psit,Thalictrum aquilegiifolium,0,0,0
pyre,Thalictrum aquilegiifolium,0,0,0
soro,Thalictrum aquilegiifolium,0,0,0
wurf,Thalictrum aquilegiifolium,0,0,0
gers,Thymus praecox,0,0,0
hypn,Thymus praecox,0,0,0
jone,Thymus praecox,0,0,0
lapi,Thymus praecox,0,0,0
mend,Thymus praecox,0,0,0
muci,Thymus praecox,0,0,0
pyre,Thymus praecox,0,0,0
soro,Thymus praecox,0,0,0
gers,Thymus pulegioides,0,0,0
humi,Thymus pulegioides,0,0,0
hypn,Thymus pulegioides,0,0,0
lapi,Thymus pulegioides,0,0,0
mend,Thymus pulegioides,0,0,0
muci,Thymus pulegioides,0,0,0
gers,Tofieldia calyculata,0,0,0
hort,Tofieldia calyculata,0,0,0
hypn,Tofieldia calyculata,0,0,0
jone,Tofieldia calyculata,0,0,0
lapi,Tofieldia calyculata,0,0,0
mend,Tofieldia calyculata,0,0,0
mont,Tofieldia calyculata,0,0,0
muci,Tofieldia calyculata,0,0,0
pasc,Tofieldia calyculata,0,0,0
prat,Tofieldia calyculata,0,0,0
psit,Tofieldia calyculata,0,0,0
pyre,Tofieldia calyculata,0,0,0
soro,Tofieldia calyculata,0,0,0
wurf,Tofieldia calyculata,0,0,0
bss,Tragopogon pratensis,0,0,0
hort,Tragopogon pratensis,0,0,0
humi,Tragopogon pratensis,0,0,0
jone,Tragopogon pratensis,0,0,0
lapi,Tragopogon pratensis,0,0,0
pasc,Tragopogon pratensis,0,0,0
prat,Tragopogon pratensis,0,0,0
soro,Tragopogon pratensis,0,0,0
wurf,Tragopogon pratensis,0,0,0
bss,Trifolium badium,0,0,0
hort,Trifolium badium,0,0,0
hypn,Trifolium badium,0,0,0
jone,Trifolium badium,0,0,0
lapi,Trifolium badium,0,0,0
mend,Trifolium badium,0,0,0
muci,Trifolium badium,0,0,0
pasc,Trifolium badium,0,0,0
prat,Trifolium badium,0,0,0
psit,Trifolium badium,0,0,0
pyre,Trifolium badium,0,0,0
soro,Trifolium badium,0,0,0
wurf,Trifolium badium,0,0,0
bss,Trifolium medium,0,0,0
hort,Trifolium medium,0,0,0
muci,Trifolium medium,0,0,0
pasc,Trifolium medium,0,0,0
prat,Trifolium medium,0,0,0
psit,Trifolium medium,0,0,0
soro,Trifolium medium,0,0,0
wurf,Trifolium medium,0,0,0
hort,Trifolium montanum,0,0,0
jone,Trifolium montanum,0,0,0
lapi,Trifolium montanum,0,0,0
mont,Trifolium montanum,0,0,0
prat,Trifolium montanum,0,0,0
psit,Trifolium montanum,0,0,0
pyre,Trifolium montanum,0,0,0
soro,Trifolium montanum,0,0,0
wurf,Trifolium montanum,0,0,0
gers,Trifolium pratense,0,0,0
humi,Trifolium pratense,0,0,0
pyre,Trifolium pratense,0,0,0
gers,Trifolium repens,0,0,0
hort,Trifolium repens,0,0,0
hypn,Trifolium repens,0,0,0
jone,Trifolium repens,0,0,0
mend,Trifolium repens,0,0,0
mont,Trifolium repens,0,0,0
muci,Trifolium repens,0,0,0
psit,Trifolium repens,0,0,0
pyre,Trifolium repens,0,0,0
soro,Trifolium repens,0,0,0
wurf,Trifolium repens,0,0,0
gers,Trollius europaeus,0,0,0
hort,Trollius europaeus,0,0,0
humi,Trollius europaeus,0,0,0
hypn,Trollius europaeus,0,0,0
lapi,Trollius europaeus,0,0,0
mend,Trollius europaeus,0,0,0
mont,Trollius europaeus,0,0,0
muci,Trollius europaeus,0,0,0
pasc,Trollius europaeus,0,0,0
psit,Trollius europaeus,0,0,0
pyre,Trollius europaeus,0,0,0
soro,Trollius europaeus,0,0,0
wurf,Trollius europaeus,0,0,0
hort,Tussilago farfara,0,0,0
humi,Tussilago farfara,0,0,0
jone,Tussilago farfara,0,0,0
mont,Tussilago farfara,0,0,0
pasc,Tussilago farfara,0,0,0
prat,Tussilago farfara,0,0,0
psit,Tussilago farfara,0,0,0
soro,Tussilago farfara,0,0,0
wurf,Tussilago farfara,0,0,0
gers,Vaccinium myrtillus,0,0,0
hypn,Vaccinium myrtillus,0,0,0
jone,Vaccinium myrtillus,0,0,0
lapi,Vaccinium myrtillus,0,0,0
mont,Vaccinium myrtillus,0,0,0
muci,Vaccinium myrtillus,0,0,0
pasc,Vaccinium myrtillus,0,0,0
bss,Vaccinium vitis-idaea,0,0,0
hort,Vaccinium vitis-idaea,0,0,0
jone,Vaccinium vitis-idaea,0,0,0
mont,Vaccinium vitis-idaea,0,0,0
pasc,Vaccinium vitis-idaea,0,0,0
pyre,Vaccinium vitis-idaea,0,0,0
soro,Vaccinium vitis-idaea,0,0,0
wurf,Vaccinium vitis-idaea,0,0,0
bss,Veronica alpina,0,0,0
hort,Veronica alpina,0,0,0
jone,Veronica alpina,0,0,0
lapi,Veronica alpina,0,0,0
mend,Veronica alpina,0,0,0
mont,Veronica alpina,0,0,0
muci,Veronica alpina,0,0,0
pasc,Veronica alpina,0,0,0
prat,Veronica alpina,0,0,0
psit,Veronica alpina,0,0,0
pyre,Veronica alpina,0,0,0
soro,Veronica alpina,0,0,0
wurf,Veronica alpina,0,0,0
bss,Veronica aphylla,0,0,0
hort,Veronica aphylla,0,0,0
jone,Veronica aphylla,0,0,0
mend,Veronica aphylla,0,0,0
mont,Veronica aphylla,0,0,0
muci,Veronica aphylla,0,0,0
pasc,Veronica aphylla,0,0,0
prat,Veronica aphylla,0,0,0
psit,Veronica aphylla,0,0,0
pyre,Veronica aphylla,0,0,0
soro,Veronica aphylla,0,0,0
wurf,Veronica aphylla,0,0,0
gers,Veronica chamaedrys,0,0,0
humi,Veronica chamaedrys,0,0,0
lapi,Veronica chamaedrys,0,0,0
muci,Veronica chamaedrys,0,0,0
psit,Veronica chamaedrys,0,0,0
pyre,Veronica chamaedrys,0,0,0
wurf,Veronica chamaedrys,0,0,0
bss,Veronica officinalis,0,0,0
hort,Veronica officinalis,0,0,0
hypn,Veronica officinalis,0,0,0
jone,Veronica officinalis,0,0,0
lapi,Veronica officinalis,0,0,0
mend,Veronica officinalis,0,0,0
mont,Veronica officinalis,0,0,0
prat,Veronica officinalis,0,0,0
psit,Veronica officinalis,0,0,0
pyre,Veronica officinalis,0,0,0
soro,Veronica officinalis,0,0,0
wurf,Veronica officinalis,0,0,0
bss,Vicia cracca,0,0,0
hort,Vicia cracca,0,0,0
jone,Vicia cracca,0,0,0
lapi,Vicia cracca,0,0,0
mont,Vicia cracca,0,0,0
prat,Vicia cracca,0,0,0
psit,Vicia cracca,0,0,0
pyre,Vicia cracca,0,0,0
soro,Vicia cracca,0,0,0
bss,Vicia sepium,0,0,0
gers,Vicia sepium,0,0,0
hort,Vicia sepium,0,0,0
humi,Vicia sepium,0,0,0
hypn,Vicia sepium,0,0,0
jone,Vicia sepium,0,0,0
lapi,Vicia sepium,0,0,0
mont,Vicia sepium,0,0,0
muci,Vicia sepium,0,0,0
prat,Vicia sepium,0,0,0
psit,Vicia sepium,0,0,0
soro,Vicia sepium,0,0,0
bss,Viola hirta,0,0,0
jone,Viola hirta,0,0,0
prat,Viola hirta,0,0,0
psit,Viola hirta,0,0,0
bss,Viola reichenbachiana,0,0,0
hort,Viola reichenbachiana,0,0,0
jone,Viola reichenbachiana,0,0,0
lapi,Viola reichenbachiana,0,0,0
mont,Viola reichenbachiana,0,0,0
prat,Viola reichenbachiana,0,0,0
soro,Viola reichenbachiana,0,0,0
wurf,Viola reichenbachiana,0,0,0
gers,Willemetia stipitata,0,0,0
hort,Willemetia stipitata,0,0,0
hypn,Willemetia stipitata,0,0,0
jone,Willemetia stipitata,0,0,0
mont,Willemetia stipitata,0,0,0
muci,Willemetia stipitata,0,0,0
pasc,Willemetia stipitata,0,0,0
prat,Willemetia stipitata,0,0,0
psit,Willemetia stipitata,0,0,0
pyre,Willemetia stipitata,0,0,0
wurf,Willemetia stipitata,0,0,0
